brand,series,model,year,col,size,cpu,gen,ram,slots,max,sold,w11,tag,st_25sata,st_msata,st_m2sata,st_m2nvme,st_ide,st_emmc,st_m2len,st_note,price,price_note,os,note,aliases,pwr,bat,bat_note,bat_fam,url,rs232,rs232_note
dell,,Pro Plus 16,2025,15,16″,Intel Core Ultra 200V (Lunar Lake) / 200U,ddr5,LPDDR5x-8533 on-package (200V) or DDR5-5600 SODIMM (200U),soldered (200V) or 2× SODIMM (200U),64 GB (200U) / 32 GB (200V),1,1,NVMe,,,,1,,,,2230 or 2280 depending on config,$700–1100,Est. 2025 rename — still in warranty channel; eBay runs barely below refurb retail.,,2025 rename: 'Dell Pro 16 Plus' (PB16250) replaces Latitude 5xxx/7xxx naming. ⚠ RAM chaos under ONE name: 200V = soldered on-package (max 32); 200U/100U = 2× SODIMM (max 64). An AMD sibling sub-model exists as well — check sub-model code AND CPU before buying.,PB16250 AMD,"USB-C PD · 65W|>Any USB-C PD brick ≥65W works (Dell LA65NM170 typical; 45W = slow-charge + BIOS nag). 💡 Buying tip: used OEM ~$10–20, but for USB-C any solid-brand PD charger (Anker etc.) is equally fine — the standard does the work. <span style=""color:#e5b567"">⚠</span> Basic phone USB-C chargers (5–20W) don't have enough power — you need a laptop-class 45–65W+ PD brick.",internal,"Internal, base-off swap. Search ""Pro Plus 16 battery"". <span style=""color:#e5b567"">⚠</span> $20–35 ""genuine OEM"" listings are near-universally FAKE cells in lookalike wrappers. Real aftermarket ~$50–70+, genuine new ~$100+ where still made; a used REAL OEM pull is often best value — check cycle count / wear on arrival.",,https://www.dell.com/en-us/shop/dell-laptops/dell-pro-16-plus-laptop/spd/dell-pro-pb16250-laptop?_gl=1*uvfgay*_up*MQ..*_gs*MQ..&gclid=Cj0KCQjw94bTBhDQARIsAN3vv0wqLyQrwPHAC4hhRmDEh29SWxqKfDQX-rvSOQbVa35GmrdpTZ6hXyEaAiqfEALw_wcB&gclsrc=aw.ds&gbraid=0AAAAADlWIIy3yMtLm8F96tadixOxYRLt9,,
dell,,Pro Plus 14,2025,14,14″,Intel Core Ultra 200V / 200U (PB14250) · AMD Ryzen AI PRO 300 (PB14255),ddr5,LPDDR5x-8533 on-package (200V) or DDR5-5600 SODIMM (200U),soldered (200V) or 2× SODIMM (200U),64 GB (200U) / 32 GB (200V),1,1,NVMe,,,,1,,,,2230 or 2280 depending on config,$700–1100,Est. 2025 rename — still in warranty channel; eBay runs barely below refurb retail.,,2025 rename: 'Dell Pro 14 Plus' (PB14250). Copilot+ PC. ⚠ RAM chaos under ONE name: Intel PB14250 with 200V = soldered on-package (max 32); with 200U = 2× SODIMM (max 64); AMD PB14255 (Ryzen AI PRO 300 / Ryzen 200) = soldered LPDDR5x again. Check the sub-model code AND CPU before buying. Dell's Snapdragon laptops stayed Latitude (5455/7455).,PB14250 PB14255 AMD Ryzen AI,"USB-C PD · 65W|>Any USB-C PD brick ≥65W works (Dell LA65NM170 typical; 45W = slow-charge + BIOS nag). 💡 Buying tip: used OEM ~$10–20, but for USB-C any solid-brand PD charger (Anker etc.) is equally fine — the standard does the work. <span style=""color:#e5b567"">⚠</span> Basic phone USB-C chargers (5–20W) don't have enough power — you need a laptop-class 45–65W+ PD brick.",internal,"Internal, base-off swap. Search ""Pro Plus 14 battery"". <span style=""color:#e5b567"">⚠</span> $20–35 ""genuine OEM"" listings are near-universally FAKE cells in lookalike wrappers. Real aftermarket ~$50–70+, genuine new ~$100+ where still made; a used REAL OEM pull is often best value — check cycle count / wear on arrival.",,https://www.dell.com/support/home/en-us/product-support/product/dell-pro-pb14250-2-in-1-laptop/overview,,
dell,,Pro Plus 13,2025,13,13″,Intel Core Ultra 200V (Lunar Lake),ddr5,LPDDR5x-8533 on-package,"soldered, no slots",32 GB,1,1,NVMe,,,,1,,,2230,,$700–1100,Est. 2025 rename — still in warranty channel; eBay runs barely below refurb retail.,,2025 rename: 'Dell Pro 13 Plus'. 13″ is 200V (Lunar Lake) only — always soldered.,,"USB-C PD · 65W|>Any USB-C PD brick ≥65W works (Dell LA65NM170 typical; 45W = slow-charge + BIOS nag). 💡 Buying tip: used OEM ~$10–20, but for USB-C any solid-brand PD charger (Anker etc.) is equally fine — the standard does the work. <span style=""color:#e5b567"">⚠</span> Basic phone USB-C chargers (5–20W) don't have enough power — you need a laptop-class 45–65W+ PD brick.",internal,"Internal, base-off swap. Search ""Pro Plus 13 battery"". <span style=""color:#e5b567"">⚠</span> $20–35 ""genuine OEM"" listings are near-universally FAKE cells in lookalike wrappers. Real aftermarket ~$50–70+, genuine new ~$100+ where still made; a used REAL OEM pull is often best value — check cycle count / wear on arrival.",,https://www.dell.com/support/home/en-us/product-support/product/dell-pro-pb13250-2-in-1-laptop/overview,,
dell,,5550,2024,15,15.6″,Intel 13th gen / Core Ultra (Meteor Lake),ddr5,DDR5-5200/5600 SODIMM,2× SODIMM,64 GB,,1,NVMe,,,,1,,,2230,PCIe Gen 4,$360–520,Est. (calibrated to Jul 2026 sold data). i7 / FHD / backlit-KB configs top the range; battery health is the biggest swing.,,⚠ Name reused — a 2015 Latitude E5550 also exists (sold as '5550'). Check CPU gen in the listing.,,"USB-C PD · 65W|>Any USB-C PD brick ≥65W works (Dell LA65NM170 typical; 45W = slow-charge + BIOS nag). 💡 Buying tip: used OEM ~$10–20, but for USB-C any solid-brand PD charger (Anker etc.) is equally fine — the standard does the work. <span style=""color:#e5b567"">⚠</span> Basic phone USB-C chargers (5–20W) don't have enough power — you need a laptop-class 45–65W+ PD brick.",internal,"Internal, base-off swap. Search ""5550 battery"". <span style=""color:#e5b567"">⚠</span> $20–35 ""genuine OEM"" listings are near-universally FAKE cells in lookalike wrappers. Real aftermarket ~$50–70+, genuine new ~$100+ where still made; a used REAL OEM pull is often best value — check cycle count / wear on arrival.",,https://www.dell.com/support/home/en-us/product-support/product/latitude-15-5550-laptop/overview,,
dell,,5450,2024,14,14″,Intel 13th gen / Core Ultra (Meteor Lake),ddr5,DDR5-5200/5600 SODIMM,2× SODIMM,64 GB,,1,NVMe,,,,1,,,2230,PCIe Gen 4,$360–520,Est. (calibrated to Jul 2026 sold data). i7 / FHD / backlit-KB configs top the range; battery health is the biggest swing.,,⚠ Name reused — 2015 Latitude E5450 also sold as '5450'. Check CPU gen.,,"USB-C PD · 65W|>Any USB-C PD brick ≥65W works (Dell LA65NM170 typical; 45W = slow-charge + BIOS nag). 💡 Buying tip: used OEM ~$10–20, but for USB-C any solid-brand PD charger (Anker etc.) is equally fine — the standard does the work. <span style=""color:#e5b567"">⚠</span> Basic phone USB-C chargers (5–20W) don't have enough power — you need a laptop-class 45–65W+ PD brick.",internal,"Internal, base-off swap. Search ""5450 battery"". <span style=""color:#e5b567"">⚠</span> $20–35 ""genuine OEM"" listings are near-universally FAKE cells in lookalike wrappers. Real aftermarket ~$50–70+, genuine new ~$100+ where still made; a used REAL OEM pull is often best value — check cycle count / wear on arrival.",,https://www.dell.com/support/home/en-us/product-support/product/latitude-14-5450-laptop/overview,,
dell,,5350,2024,13,13.3″,Intel Core Ultra 5/7 (Meteor Lake),ddr5,LPDDR5x-6400,"soldered, no slots",32 GB,1,1,NVMe,,,,1,,,2230,PCIe Gen 4,$360–520,Est. (calibrated to Jul 2026 sold data). i7 / FHD / backlit-KB configs top the range; battery health is the biggest swing.,,Also sold as 2-in-1.,,"USB-C PD · 65W|>Any USB-C PD brick ≥65W works (Dell LA65NM170 typical; 45W = slow-charge + BIOS nag). 💡 Buying tip: used OEM ~$10–20, but for USB-C any solid-brand PD charger (Anker etc.) is equally fine — the standard does the work. <span style=""color:#e5b567"">⚠</span> Basic phone USB-C chargers (5–20W) don't have enough power — you need a laptop-class 45–65W+ PD brick.",internal,"Internal, base-off swap. Search ""5350 battery"". <span style=""color:#e5b567"">⚠</span> $20–35 ""genuine OEM"" listings are near-universally FAKE cells in lookalike wrappers. Real aftermarket ~$50–70+, genuine new ~$100+ where still made; a used REAL OEM pull is often best value — check cycle count / wear on arrival.",,https://www.dell.com/support/home/en-us/product-support/product/latitude-13-5350-2-in-1-laptop/overview,,
dell,,7350,2024,13,13.3″,Intel Core Ultra (Meteor Lake),ddr5,LPDDR5x-6400,"soldered, no slots",64 GB,1,1,NVMe,,,,1,,,2230,PCIe Gen 4,$405–580,Est. (calibrated to Jul 2026 sold data). Premium build resells well; carbon/alu lids scratch — grade A gets a premium.,,Premium (7000) ultralight 13.3″. Also exists as 7350 Detachable.,,"USB-C PD · 65W|>Any USB-C PD brick ≥65W works (Dell LA65NM170 typical; 45W = slow-charge + BIOS nag). 💡 Buying tip: used OEM ~$10–20, but for USB-C any solid-brand PD charger (Anker etc.) is equally fine — the standard does the work. <span style=""color:#e5b567"">⚠</span> Basic phone USB-C chargers (5–20W) don't have enough power — you need a laptop-class 45–65W+ PD brick.",internal,"Internal, base-off swap. Search ""7350 battery"". <span style=""color:#e5b567"">⚠</span> $20–35 ""genuine OEM"" listings are near-universally FAKE cells in lookalike wrappers. Real aftermarket ~$50–70+, genuine new ~$100+ where still made; a used REAL OEM pull is often best value — check cycle count / wear on arrival.",,https://www.dell.com/support/home/en-us/product-support/product/latitude-13-7350-2-in-1-laptop/overview,,
dell,,5540,2023,15,15.6″,Intel 13th gen (Raptor Lake),ddr4,DDR4-3200 SODIMM,2× SODIMM,64 GB,,1,NVMe,,,,1,,,,2230 + 2280 slots,$250–425,"Real eBay sold IQR, Jul 2026 (n=41, median $336). i7 / FHD / backlit-KB configs top the range; battery health is the biggest swing.",,,,"USB-C PD · 65W|>Any USB-C PD brick ≥65W works (Dell LA65NM170 typical; 45W = slow-charge + BIOS nag). 💡 Buying tip: used OEM ~$10–20, but for USB-C any solid-brand PD charger (Anker etc.) is equally fine — the standard does the work. <span style=""color:#e5b567"">⚠</span> Basic phone USB-C chargers (5–20W) don't have enough power — you need a laptop-class 45–65W+ PD brick.",internal,"Internal, base-off swap. Search ""5540 battery"". <span style=""color:#e5b567"">⚠</span> $20–35 ""genuine OEM"" listings are near-universally FAKE cells in lookalike wrappers. Real aftermarket ~$50–70+, genuine new ~$100+ where still made; a used REAL OEM pull is often best value — check cycle count / wear on arrival.",,https://www.dell.com/support/home/en-us/product-support/product/latitude-15-5540-laptop/overview,,
dell,,5440,2023,14,14″,Intel 13th gen (Raptor Lake),ddr4,DDR4-3200 SODIMM,2× SODIMM,64 GB,,1,NVMe,,,,1,,,2230,2280 on some configs,$250–349,"Real eBay sold IQR, Jul 2026 (n=46, median $281). i7 / FHD / backlit-KB configs top the range; battery health is the biggest swing.",,,,"USB-C PD · 65W|>Any USB-C PD brick ≥65W works (Dell LA65NM170 typical; 45W = slow-charge + BIOS nag). 💡 Buying tip: used OEM ~$10–20, but for USB-C any solid-brand PD charger (Anker etc.) is equally fine — the standard does the work. <span style=""color:#e5b567"">⚠</span> Basic phone USB-C chargers (5–20W) don't have enough power — you need a laptop-class 45–65W+ PD brick.",internal,"Internal, base-off swap. Search ""5440 battery"". <span style=""color:#e5b567"">⚠</span> $20–35 ""genuine OEM"" listings are near-universally FAKE cells in lookalike wrappers. Real aftermarket ~$50–70+, genuine new ~$100+ where still made; a used REAL OEM pull is often best value — check cycle count / wear on arrival.",,https://www.dell.com/support/home/en-us/product-support/product/latitude-14-5440-laptop/overview,,
dell,,5340,2023,13,13.3″,Intel 13th gen (Raptor Lake),ddr5,LPDDR5-4800,"soldered, no slots",32 GB,1,1,NVMe,,,,1,,,2230,,$247–400,"Real eBay sold IQR, Jul 2026 (n=47, median $330). i7 / FHD / backlit-KB configs top the range; battery health is the biggest swing.",,Also sold as 2-in-1.,,"USB-C PD · 65W|>Any USB-C PD brick ≥65W works (Dell LA65NM170 typical; 45W = slow-charge + BIOS nag). 💡 Buying tip: used OEM ~$10–20, but for USB-C any solid-brand PD charger (Anker etc.) is equally fine — the standard does the work. <span style=""color:#e5b567"">⚠</span> Basic phone USB-C chargers (5–20W) don't have enough power — you need a laptop-class 45–65W+ PD brick.",internal,"Internal, base-off swap. Search ""5340 battery"". <span style=""color:#e5b567"">⚠</span> $20–35 ""genuine OEM"" listings are near-universally FAKE cells in lookalike wrappers. Real aftermarket ~$50–70+, genuine new ~$100+ where still made; a used REAL OEM pull is often best value — check cycle count / wear on arrival.",,https://www.dell.com/support/home/en-us/product-support/product/latitude-13-5340-2-in-1-laptop/overview,,
dell,,5530,2022,15,15.6″,Intel 12th gen (Alder Lake),ddr4,DDR4-3200 SODIMM,2× SODIMM,64 GB,,1,NVMe,,,,1,,,,2280 or 2230 depending on config,$183–345,"Real eBay sold IQR, Jul 2026 (n=42, median $260). i7 / FHD / backlit-KB configs top the range; battery health is the biggest swing.",,,,"USB-C PD only · 65W|>Ports audited from Dell Setup & Specifications (2026-09-19): power-adapter port = USB Type-C only; Dell lists 60/65/90W USB-C bricks. 💡 Buying tip: used OEM ~$10–20, but for USB-C any solid-brand PD charger (Anker etc.) is equally fine — the standard does the work. <span style=""color:#e5b567"">⚠</span> Basic phone USB-C chargers (5–20W) don't have enough power — you need a laptop-class 45–65W+ PD brick.",internal,"Internal, base-off swap. Search ""5530 battery"". <span style=""color:#e5b567"">⚠</span> $20–35 ""genuine OEM"" listings are near-universally FAKE cells in lookalike wrappers. Real aftermarket ~$50–70+, genuine new ~$100+ where still made; a used REAL OEM pull is often best value — check cycle count / wear on arrival.",,https://www.dell.com/support/home/en-us/product-support/product/latitude-15-5530-laptop/overview,,
dell,,5430,2022,14,14″,Intel 12th gen (Alder Lake),ddr4,DDR4-3200 SODIMM,2× SODIMM,64 GB,,1,NVMe,,,,1,,,,2280 or 2230 depending on config,$179–238,"Real eBay sold IQR, Jul 2026 (n=39, median $201). i7 / FHD / backlit-KB configs top the range; battery health is the biggest swing.",,A separate 'Latitude 5430 Rugged' also exists — different machine.,,"USB-C PD only · 65W|>Ports audited from Dell Setup & Specifications (2026-09-19): power-adapter port = USB Type-C only; 60/65/90W USB-C bricks. Config-verified 65W USB-C shipped. 💡 Buying tip: used OEM ~$10–20, but for USB-C any solid-brand PD charger (Anker etc.) is equally fine — the standard does the work. <span style=""color:#e5b567"">⚠</span> Basic phone USB-C chargers (5–20W) don't have enough power — you need a laptop-class 45–65W+ PD brick.",internal,"Internal, base-off swap. Lead: 07KRV 58Wh 4-cell (41Wh 3-cell also offered). Search ""5430 battery"".|>Base-off only. <span style=""color:#e5b567"">⚠</span> $20–35 ""genuine OEM"" listings are near-universally FAKE cells in lookalike wrappers. Real aftermarket ~$50–70+, genuine new ~$100+ where still made; a used REAL OEM pull is often best value — check cycle count / wear on arrival.",,https://www.dell.com/support/home/en-us/product-support/product/latitude-5430-laptop/overview,,
dell,,5330,2022,13,13.3″,Intel 12th gen (Alder Lake),ddr4,DDR4-3200,"soldered, no slots",32 GB,1,1,NVMe,,,,1,,,2230,,$203–359,"Real eBay sold IQR, Jul 2026 (n=21, median $225). i7 / FHD / backlit-KB configs top the range; battery health is the biggest swing.",,Also sold as 2-in-1.,,"USB-C PD only · 65W|>Ports audited from Dell Setup & Specifications (2026-09-19): USB Type-C power input only; 60/65/90W USB-C. 💡 Buying tip: used OEM ~$10–20, but for USB-C any solid-brand PD charger (Anker etc.) is equally fine — the standard does the work. <span style=""color:#e5b567"">⚠</span> Basic phone USB-C chargers (5–20W) don't have enough power — you need a laptop-class 45–65W+ PD brick.",internal,"Internal, base-off swap. Search ""5330 battery"". <span style=""color:#e5b567"">⚠</span> $20–35 ""genuine OEM"" listings are near-universally FAKE cells in lookalike wrappers. Real aftermarket ~$50–70+, genuine new ~$100+ where still made; a used REAL OEM pull is often best value — check cycle count / wear on arrival.",,https://www.dell.com/support/home/en-us/product-support/product/latitude-13-5330-laptop/overview,,
dell,,7230 Rugged Tab.,2022,12,12″,Intel 12th gen U (Alder Lake),ddr5,LPDDR5-5200,"soldered, no slots",32 GB,1,1,NVMe,,,,1,,,2230,removable,$360–575,"Est. (calibrated to Jul 2026 sold data). Rugged Extreme Tablet — small market, holds value.",,"Rugged Extreme Tablet — IP-65, MIL-STD-810H.",7230 Rugged Extreme Tablet,USB-C PD only · 65W|>Ports audited from Dell Setup & Specifications (2026-09-19): tablet — power-adapter port = 65/90W USB-C. 💡 Buying tip: 65/90W OEM bricks are $10–20 used; the 130W ones run more like $15–25 — still buy OEM.,removable (often 2 bays),"Rugged removable pack(s) — many take dual hot-swap batteries. Search ""7230 Rugged battery"".|>Rugged/XFR units frequently have two bays; check both. Big, expensive, model-specific. <span style=""color:#e5b567"">⚠</span> $20–35 ""genuine OEM"" listings are near-universally FAKE cells in lookalike wrappers. Real aftermarket ~$50–70+, genuine new ~$100+ where still made; a used REAL OEM pull is often best value — check cycle count / wear on arrival.",,https://www.dell.com/support/home/en-us/product-support/product/latitude-12-7230-rugged-laptop/overview,2,"Mini-serial RS-232 only on the optional top expansion module — check the unit; needs a mini-serial→DB9 cable.|>Source: ruggedpcreview spec table (""optional expansion top: RJ-45 OR Fischer USB 3.2 and Mini-serial RS-232 OR barcode scanner"")."
dell,,5520,2021,15,15.6″,Intel 11th gen (Tiger Lake),ddr4,DDR4-3200 SODIMM,2× SODIMM,64 GB,,1,NVMe,,,,1,,,,2280 or 2230 depending on config,$160–238,"Real eBay sold IQR, Jul 2026 (n=43, median $213). i7 / FHD / backlit-KB configs top the range; battery health is the biggest swing.",,,,"USB-C PD only · 65W|>Ports audited from Dell Setup & Specifications (2026-09-19): Type-C power input only; 65/90/130W USB-C bricks. 💡 Buying tip: used OEM bricks are $10–20 shipped on eBay — same price as 3rd-party, so just buy OEM. <span style=""color:#e5b567"">⚠</span> Basic phone USB-C chargers (5–20W) don't have enough power — you need a laptop-class 45–65W+ PD brick.",internal,"Internal, base-off swap. Search ""5520 battery"". <span style=""color:#e5b567"">⚠</span> $20–35 ""genuine OEM"" listings are near-universally FAKE cells in lookalike wrappers. Real aftermarket ~$50–70+, genuine new ~$100+ where still made; a used REAL OEM pull is often best value — check cycle count / wear on arrival.",,https://www.dell.com/support/home/en-us/product-support/product/latitude-15-5520-laptop/overview,,
dell,,5420,2021,14,14″,Intel 11th gen (Tiger Lake),ddr4,DDR4-3200 SODIMM,2× SODIMM,64 GB,,1,NVMe,,,,1,,,,2280 or 2230 depending on config,$130–236,"Real eBay sold IQR, Jul 2026 (n=38, median $164). i7 / FHD / backlit-KB configs top the range; battery health is the biggest swing.",,,,"USB-C PD only · 65W|>Ports audited from Dell Setup & Specifications (2026-09-19): Type-C power input only; 65/90W USB-C. No barrel jack on this generation. 💡 Buying tip: used OEM bricks are $10–20 shipped on eBay — same price as 3rd-party, so just buy OEM. <span style=""color:#e5b567"">⚠</span> Basic phone USB-C chargers (5–20W) don't have enough power — you need a laptop-class 45–65W+ PD brick.",internal,"Internal, base-off swap. Search ""5420 battery"". <span style=""color:#e5b567"">⚠</span> $20–35 ""genuine OEM"" listings are near-universally FAKE cells in lookalike wrappers. Real aftermarket ~$50–70+, genuine new ~$100+ where still made; a used REAL OEM pull is often best value — check cycle count / wear on arrival.",,https://www.dell.com/support/home/en-us/product-support/product/latitude-5420-laptop/overview,,
dell,,5320,2021,13,13.3″,Intel 11th gen (Tiger Lake),ddr4,DDR4-3200,"soldered, no slots",32 GB,1,1,NVMe,,,,1,,,,2280 or 2230 depending on config,$150–239,"Real eBay sold IQR, Jul 2026 (n=49, median $192). i7 / FHD / backlit-KB configs top the range; battery health is the biggest swing.",,Also sold as 2-in-1.,,"USB-C PD only · 65W|>Ports audited from Dell Setup & Specifications (2026-09-19): USB-C power-adapter port only; 45/60/65/90W USB-C. 💡 Buying tip: used OEM bricks are $10–20 shipped on eBay — same price as 3rd-party, so just buy OEM. <span style=""color:#e5b567"">⚠</span> Basic phone USB-C chargers (5–20W) don't have enough power — you need a laptop-class 45–65W+ PD brick.",internal,"Internal, base-off swap. Search ""5320 battery"". <span style=""color:#e5b567"">⚠</span> $20–35 ""genuine OEM"" listings are near-universally FAKE cells in lookalike wrappers. Real aftermarket ~$50–70+, genuine new ~$100+ where still made; a used REAL OEM pull is often best value — check cycle count / wear on arrival.",,https://www.dell.com/support/home/en-us/product-support/product/latitude-13-5320-2-in-1-laptop/overview,,
dell,,7320,2021,13,13.3″,Intel 11th gen (Tiger Lake),ddr4,LPDDR4x-4267,"soldered, no slots",32 GB,1,1,NVMe,,,,1,,,,2280 or 2230 depending on config,$150–235,Est. (calibrated to Jul 2026 sold data). Premium build resells well; carbon/alu lids scratch — grade A gets a premium.,,Premium (7000) 13.3″ laptop. '7320 Detachable' is a different 13″ tablet.,,"USB-C PD only · 65W|>Ports audited from Dell Setup & Specifications (2026-09-19): USB Type-C with Power Delivery only; 65/90W. 💡 Buying tip: used OEM bricks are $10–20 shipped on eBay — same price as 3rd-party, so just buy OEM. <span style=""color:#e5b567"">⚠</span> Basic phone USB-C chargers (5–20W) don't have enough power — you need a laptop-class 45–65W+ PD brick.",internal,"Internal, base-off swap. Search ""7320 battery"". <span style=""color:#e5b567"">⚠</span> $20–35 ""genuine OEM"" listings are near-universally FAKE cells in lookalike wrappers. Real aftermarket ~$50–70+, genuine new ~$100+ where still made; a used REAL OEM pull is often best value — check cycle count / wear on arrival.",,https://www.dell.com/support/home/en-us/product-support/product/latitude-13-7320-2-in-1-laptop/overview,,
dell,,5510,2020,15,15.6″,Intel 10th gen (Comet Lake),ddr4,DDR4-2666 SODIMM,2× SODIMM,64 GB,,1,NVMe,,,,1,,,,2280 or 2230 depending on config,$130–209,"Real eBay sold IQR, Jul 2026 (n=40, median $168). i7 / FHD / backlit-KB configs top the range; battery health is the biggest swing.",,,,"7.4mm barrel (big round tip) · 65W + USB-C PD|>Ports audited from Dell Setup & Specifications (2026-09-19): ""7.4 mm barrel-type"" port AND ""PowerDelivery 3.0 over USB Type-C""; Dell sold 65/90W in both barrel and Type-C — either charges. 💡 Buying tip: used OEM bricks are $10–20 shipped on eBay — same price as 3rd-party, so just buy OEM. <span style=""color:#e5b567"">⚠</span> Basic phone USB-C chargers (5–20W) don't have enough power — you need a laptop-class 45–65W+ PD brick.",internal,"GJKNX 68Wh — search GJKNX|>Shared 5000-series pack: fits 5280/5290/5480/5580/5490/5590/5400/5410/5500/5510 (51Wh siblings 1VX15/93FTF exist — check yours before ordering). <span style=""color:#e5b567"">⚠</span> $20–35 ""genuine OEM"" listings are near-universally FAKE cells in lookalike wrappers. Real aftermarket ~$50–70+, genuine new ~$100+ where still made; a used REAL OEM pull is often best value — check cycle count / wear on arrival.",GJKNX,https://www.dell.com/support/home/en-us/product-support/product/latitude-15-5510-laptop/overview,,
dell,,5410,2020,14,14″,Intel 10th gen (Comet Lake),ddr4,DDR4-2666 SODIMM,2× SODIMM,64 GB,,1,NVMe,,,,1,,,,2280 or 2230 depending on config,$113–195,"Real eBay sold IQR, Jul 2026 (n=36, median $128). i7 / FHD / backlit-KB configs top the range; battery health is the biggest swing.",,,,"7.4mm barrel (big round tip) · 65W + USB-C PD|>Ports audited from Dell Setup & Specifications (2026-09-19): ""7.4 mm barrel-type"" port AND ""PowerDelivery 3.0 over USB Type-C""; 65/90W bricks in both barrel and Type-C. 💡 Buying tip: used OEM bricks are $10–20 shipped on eBay — same price as 3rd-party, so just buy OEM. <span style=""color:#e5b567"">⚠</span> Basic phone USB-C chargers (5–20W) don't have enough power — you need a laptop-class 45–65W+ PD brick.",internal,"GJKNX 68Wh — search GJKNX|>Shared 5000-series pack: fits 5280/5290/5480/5580/5490/5590/5400/5410/5500/5510 (51Wh siblings 1VX15/93FTF exist — check yours before ordering). <span style=""color:#e5b567"">⚠</span> $20–35 ""genuine OEM"" listings are near-universally FAKE cells in lookalike wrappers. Real aftermarket ~$50–70+, genuine new ~$100+ where still made; a used REAL OEM pull is often best value — check cycle count / wear on arrival.",GJKNX,https://www.dell.com/support/home/en-us/product-support/product/latitude-14-5410-laptop/overview,,
dell,,5310,2020,13,13.3″,Intel 10th gen (Comet Lake),ddr4,DDR4-3200 SODIMM,2× SODIMM,64 GB,,1,NVMe,,,,1,,,,2280 or 2230 depending on config,$120–185,Est. (calibrated to Jul 2026 sold data). i7 / FHD / backlit-KB configs top the range; battery health is the biggest swing.,,Also sold as 2-in-1.,,"USB-C PD · 65W|>Any USB-C PD brick ≥65W works (Dell LA65NM170 typical; 45W = slow-charge + BIOS nag). Some 3000/5000 configs of these years still offered the 7.4mm barrel. 💡 Buying tip: used OEM bricks are $10–20 shipped on eBay — same price as 3rd-party, so just buy OEM. <span style=""color:#e5b567"">⚠</span> Basic phone USB-C chargers (5–20W) don't have enough power — you need a laptop-class 45–65W+ PD brick.",internal,"MXV9V 60Wh — search MXV9V|>Shared 13/14″ 5300-family pack: 4-cell MXV9V 60Wh (alt 5VC2M/829MX) or 3-cell G74G 42Wh (alt 8JYHH/2PFPW/3KF82) — both fit 5300 / 5300 2-in-1 / 5310 / 5310 2-in-1 / 7300 / 7400. Same bay; the 60Wh MXV9V is the one to target. (7400 2-in-1 is a DIFFERENT chassis + battery — not this family.) <span style=""color:#e5b567"">⚠</span> $20–35 ""genuine OEM"" listings are near-universally FAKE cells in lookalike wrappers. Real aftermarket ~$50–70+, genuine new ~$100+ where still made; a used REAL OEM pull is often best value — check cycle count / wear on arrival.",MXV9V,https://www.dell.com/support/home/en-us/product-support/product/latitude-13-5310-laptop/overview,,
dell,,7210,2020,12,12.3″,Intel 10th gen (Comet Lake),ddr3,LPDDR3-2133,"soldered, no slots",16 GB,1,1,NVMe,,,,1,,,2230,,$135–210,Est. (calibrated to Jul 2026 sold data). Premium build resells well; carbon/alu lids scratch — grade A gets a premium.,,2-in-1 detachable tablet (Surface Pro style).,,"USB-C PD only · 65W|>Ports audited from Dell Setup & Specifications (2026-09-19): tablet — USB-C only; 45W SFF or 65W USB-C. 💡 Buying tip: used OEM bricks are $10–20 shipped on eBay — same price as 3rd-party, so just buy OEM. <span style=""color:#e5b567"">⚠</span> Basic phone USB-C chargers (5–20W) don't have enough power — you need a laptop-class 45–65W+ PD brick.",internal,"Internal, base-off swap. Search ""7210 battery"". <span style=""color:#e5b567"">⚠</span> $20–35 ""genuine OEM"" listings are near-universally FAKE cells in lookalike wrappers. Real aftermarket ~$50–70+, genuine new ~$100+ where still made; a used REAL OEM pull is often best value — check cycle count / wear on arrival.",,https://www.dell.com/support/home/en-us/product-support/product/latitude-12-7210-2-in-1-laptop/overview,,
dell,,5500,2019,15,15.6″,Intel 8th gen (Whiskey Lake),ddr4,DDR4-2666 SODIMM,2× SODIMM,32 GB,,1,NVMe,2,,,2,,,,,$74–140,"Real eBay sold IQR, Jul 2026 (n=35, median $105). i7 / FHD / backlit-KB configs top the range; battery health is the biggest swing.",,,,"7.4mm barrel (big round tip) · 65W + USB-C PD|>Ports audited from Dell Setup & Specifications (2026-09-19): ships E5 (7.4mm) 65/90W brick; USB-C Thunderbolt/Power Delivery port also charges. 💡 Buying tip: used OEM bricks are $10–20 shipped on eBay — same price as 3rd-party, so just buy OEM. <span style=""color:#e5b567"">⚠</span> Basic phone USB-C chargers (5–20W) don't have enough power — you need a laptop-class 45–65W+ PD brick.",internal,"GJKNX 68Wh — search GJKNX|>Shared 5000-series pack: fits 5280/5290/5480/5580/5490/5590/5400/5410/5500/5510 (51Wh siblings 1VX15/93FTF exist — check yours before ordering). <span style=""color:#e5b567"">⚠</span> $20–35 ""genuine OEM"" listings are near-universally FAKE cells in lookalike wrappers. Real aftermarket ~$50–70+, genuine new ~$100+ where still made; a used REAL OEM pull is often best value — check cycle count / wear on arrival.",GJKNX,https://www.dell.com/support/home/en-us/product-support/product/latitude-15-5500-laptop/overview,,
dell,,5400,2019,14,14″,Intel 8th gen (Whiskey Lake),ddr4,DDR4-2666 SODIMM,2× SODIMM,32 GB,,1,NVMe,2,,,2,,,,,$84–120,"Real eBay sold IQR, Jul 2026 (n=34, median $110). i7 / FHD / backlit-KB configs top the range; battery health is the biggest swing.",,"Purdue's table swapped 5400/5300 — 5400 is the 14″, 5300 is the 13.3″.",,"7.4mm barrel (big round tip) · 65W + USB-C PD|>Ports audited from Dell Setup & Specifications (2026-09-19): ships E5 (7.4mm) 65/90W brick; USB-C Thunderbolt/Power Delivery port also charges. 💡 Buying tip: used OEM bricks are $10–20 shipped on eBay — same price as 3rd-party, so just buy OEM. <span style=""color:#e5b567"">⚠</span> Basic phone USB-C chargers (5–20W) don't have enough power — you need a laptop-class 45–65W+ PD brick.",internal,"GJKNX 68Wh — search GJKNX|>Shared 5000-series pack: fits 5280/5290/5480/5580/5490/5590/5400/5410/5500/5510 (51Wh siblings 1VX15/93FTF exist — check yours before ordering). <span style=""color:#e5b567"">⚠</span> $20–35 ""genuine OEM"" listings are near-universally FAKE cells in lookalike wrappers. Real aftermarket ~$50–70+, genuine new ~$100+ where still made; a used REAL OEM pull is often best value — check cycle count / wear on arrival.",GJKNX,https://www.dell.com/support/home/en-us/product-support/product/latitude-14-5400-laptop/overview,,
dell,,5300,2019,13,13.3″,Intel 8th gen (Whiskey Lake),ddr4,DDR4-2666 SODIMM,2× SODIMM,32 GB,,1,NVMe,,,,1,,,,,$105–160,Est. (calibrated to Jul 2026 sold data). i7 / FHD / backlit-KB configs top the range; battery health is the biggest swing.,,Also sold as 2-in-1. Purdue's table swapped 5400/5300.,,"7.4mm barrel (big round tip) · 65W + USB-C PD|>Ports audited from Dell Setup & Specifications (2026-09-19): ships E5 (7.4mm) 65/90W brick; USB-C Thunderbolt/Power Delivery port also charges. 💡 Buying tip: used OEM bricks are $10–20 shipped on eBay — same price as 3rd-party, so just buy OEM. <span style=""color:#e5b567"">⚠</span> Basic phone USB-C chargers (5–20W) don't have enough power — you need a laptop-class 45–65W+ PD brick.",internal,"MXV9V 60Wh — search MXV9V|>Shared 13/14″ 5300-family pack: 4-cell MXV9V 60Wh (alt 5VC2M/829MX) or 3-cell G74G 42Wh (alt 8JYHH/2PFPW/3KF82) — both fit 5300 / 5300 2-in-1 / 5310 / 5310 2-in-1 / 7300 / 7400. Same bay; the 60Wh MXV9V is the one to target. (7400 2-in-1 is a DIFFERENT chassis + battery — not this family.) <span style=""color:#e5b567"">⚠</span> $20–35 ""genuine OEM"" listings are near-universally FAKE cells in lookalike wrappers. Real aftermarket ~$50–70+, genuine new ~$100+ where still made; a used REAL OEM pull is often best value — check cycle count / wear on arrival.",MXV9V,https://www.dell.com/support/home/en-us/product-support/product/latitude-13-5300-laptop/overview,,
dell,,7200,2019,12,12.3″,Intel 8th gen (Whiskey Lake),ddr3,LPDDR3-2133,"soldered, no slots",16 GB,1,1,NVMe,,,,1,,,2230,,$115–175,Est. (calibrated to Jul 2026 sold data). Premium build resells well; carbon/alu lids scratch — grade A gets a premium.,,2-in-1 detachable tablet.,,"USB-C PD only · 45W|>Ports audited from Dell Setup & Specifications (2026-09-19): tablet — two Thunderbolt 3 USB-C with PD; 45W/65W USB-C. 💡 Buying tip: used OEM bricks are $10–20 shipped on eBay — same price as 3rd-party, so just buy OEM. <span style=""color:#e5b567"">⚠</span> Basic phone USB-C chargers (5–20W) don't have enough power — you need a laptop-class 45–65W+ PD brick.",internal,"Internal, base-off swap. Search ""7200 battery"". <span style=""color:#e5b567"">⚠</span> $20–35 ""genuine OEM"" listings are near-universally FAKE cells in lookalike wrappers. Real aftermarket ~$50–70+, genuine new ~$100+ where still made; a used REAL OEM pull is often best value — check cycle count / wear on arrival.",,https://www.dell.com/support/home/en-us/product-support/product/latitude-12-7200-2-in-1-laptop/overview,,
dell,,5590,2018,15,15.6″,"Intel 8th gen (Kaby Lake R, quad)",ddr4,DDR4-2400 SODIMM,2× SODIMM,32 GB,,1,NVMe,2,,2,2,,,,,$91–140,"Real eBay sold IQR, Jul 2026 (n=44, median $101). i7 / FHD / backlit-KB configs top the range; battery health is the biggest swing.",,,,7.4mm barrel (big round tip) · 65–90W · no USB-C charging|>Ports audited from Dell Setup & Specifications (2026-09-19): 65/90W 7.4mm barrel; USB-C is DisplayPort only — no Power Delivery listed. 💡 Buying tip: 65/90W OEM bricks are $10–20 used; the 130W ones run more like $15–25 — still buy OEM.,internal,"GJKNX 68Wh — search GJKNX|>Shared 5000-series pack: fits 5280/5290/5480/5580/5490/5590/5400/5410/5500/5510 (51Wh siblings 1VX15/93FTF exist — check yours before ordering). <span style=""color:#e5b567"">⚠</span> $20–35 ""genuine OEM"" listings are near-universally FAKE cells in lookalike wrappers. Real aftermarket ~$50–70+, genuine new ~$100+ where still made; a used REAL OEM pull is often best value — check cycle count / wear on arrival.",GJKNX,https://www.dell.com/support/home/en-us/product-support/product/latitude-15-5590-laptop/overview,,
dell,,5490,2018,14,14″,"Intel 8th gen (Kaby Lake R, quad)",ddr4,DDR4-2400 SODIMM,2× SODIMM,32 GB,,1,NVMe,,,1,1,,,,,$75–140,"Real eBay sold IQR, Jul 2026 (n=32, median $114). i7 / FHD / backlit-KB configs top the range; battery health is the biggest swing.",,,,"7.4mm barrel (big round tip) · 65W · no USB-C charging|>Ports audited from Dell Setup & Specifications (2026-09-19): ""65W/90W adapter, 7.4 mm barrel""; USB-C is ""DisplayPort over USB Type-C"" only — no Power Delivery listed. 💡 Buying tip: used OEM bricks are $10–20 shipped on eBay — same price as 3rd-party, so just buy OEM.",internal,"GJKNX 68Wh 4-cell — search GJKNX|>Shared 5000-series pack: fits 5280/5290/5480/5580/5490/5590/5400/5410/5500/5510 (multi-config: 68Wh 4-cell (GJKNX family; BOM alts DV9NT/MT31P/GD1JP) and 51Wh 3-cell (D4CMT/DJWGP) — check yours before ordering). <span style=""color:#e5b567"">⚠</span> $20–35 ""genuine OEM"" listings are near-universally FAKE cells in lookalike wrappers. Real aftermarket ~$50–70+, genuine new ~$100+ where still made; a used REAL OEM pull is often best value — check cycle count / wear on arrival.",GJKNX,https://www.dell.com/support/home/en-us/product-support/product/latitude-14-5490-laptop/overview,,
dell,,7390,2018,13,13.3″,Intel 8th gen (Kaby Lake R),ddr4,DDR4-2400 SODIMM,2× SODIMM,32 GB,,1,NVMe,,,1,1,,,,,$96–173,"Real eBay sold IQR, Jul 2026 (n=38, median $125). Premium build resells well; carbon/alu lids scratch — grade A gets a premium.",,'7390 2-in-1' is a different machine with soldered LPDDR3 (max 16 GB).,2X39G DM6WC,"7.4mm barrel (big round tip) · 65W + USB-C PD|>Ports audited from Dell Setup & Specifications (2026-09-19): ""7.4 mm barrel, 65W or 90W (ships 65W)""; Thunderbolt 3 USB-C with PD also charges. 💡 Buying tip: used OEM bricks are $10–20 shipped on eBay — same price as 3rd-party, so just buy OEM.",internal,"F3YGT 60Wh — search F3YGT (co-listed FRUs: 2X39G / DM6WC)|>Shared 7000-series pack: fits 7280/7290/7380/7390/7480/7490 across 12/13/14″. Sellers bundle F3YGT / 2X39G / DM6WC as interchangeable (42Wh 3-cell sibling DJ1J0 also fits the bay — less runtime, check which you want). <span style=""color:#e5b567"">⚠</span> $20–35 ""genuine OEM"" listings are near-universally FAKE cells in lookalike wrappers. Real aftermarket ~$50–70+, genuine new ~$100+ where still made; a used REAL OEM pull is often best value — check cycle count / wear on arrival.",F3YGT,https://www.dell.com/support/home/en-us/product-support/product/latitude-13-7390-laptop/overview,,
dell,,7290,2018,12,12.5″,Intel 8th gen (Kaby Lake R),ddr4,DDR4-2400 SODIMM,2× SODIMM,32 GB,,1,NVMe,,,1,1,,,,,$79–135,"Real eBay sold IQR, Jul 2026 (n=29, median $100). Premium build resells well; carbon/alu lids scratch — grade A gets a premium.",,,2X39G DM6WC,"7.4mm barrel (big round tip) · 65W + USB-C PD|>Ports audited from Dell Setup & Specifications (2026-09-19): E5 65W/90W (7.4mm); Thunderbolt over USB Type-C also charges. 💡 Buying tip: used OEM bricks are $10–20 shipped on eBay — same price as 3rd-party, so just buy OEM.",internal,"F3YGT 60Wh — search F3YGT (co-listed FRUs: 2X39G / DM6WC)|>Shared 7000-series pack: fits 7280/7290/7380/7390/7480/7490 across 12/13/14″. Sellers bundle F3YGT / 2X39G / DM6WC as interchangeable (42Wh 3-cell sibling DJ1J0 also fits the bay — less runtime, check which you want). <span style=""color:#e5b567"">⚠</span> $20–35 ""genuine OEM"" listings are near-universally FAKE cells in lookalike wrappers. Real aftermarket ~$50–70+, genuine new ~$100+ where still made; a used REAL OEM pull is often best value — check cycle count / wear on arrival.",F3YGT,https://www.dell.com/support/home/en-us/product-support/product/latitude-12-7290-laptop/overview,,
dell,,5580,2017,15,15.6″,Intel 7th gen (Kaby Lake),ddr4,DDR4-2400 SODIMM,2× SODIMM,32 GB,,0,SATA/NVMe,2,,2,2,,,,,$93–139,"Real eBay sold IQR, Jul 2026 (n=24, median $105). i7 / FHD / backlit-KB configs top the range; battery health is the biggest swing.",,,,7.4mm barrel (big round tip) · 65–90W + USB-C PD (Thunderbolt configs only)|>Ports audited from Dell Setup & Specifications (2026-09-19): 7.4mm 65/90W bricks; USB-C charging only on the optional Thunderbolt 3 configuration. 💡 Buying tip: 65/90W OEM bricks are $10–20 used; the 130W ones run more like $15–25 — still buy OEM.,internal,"GJKNX 68Wh — search GJKNX|>Shared 5000-series pack: fits 5280/5290/5480/5580/5490/5590/5400/5410/5500/5510 (51Wh siblings 1VX15/93FTF exist — check yours before ordering). <span style=""color:#e5b567"">⚠</span> $20–35 ""genuine OEM"" listings are near-universally FAKE cells in lookalike wrappers. Real aftermarket ~$50–70+, genuine new ~$100+ where still made; a used REAL OEM pull is often best value — check cycle count / wear on arrival.",GJKNX,https://www.dell.com/support/home/en-us/product-support/product/latitude-15-5580-laptop/overview,,
dell,,5480,2017,14,14″,Intel 7th gen (Kaby Lake) · quad i7-HQ configs exist,ddr4,DDR4-2400 SODIMM,2× SODIMM,32 GB,,0,SATA/NVMe,2,,2,2,,,,,$70–130,"Real eBay sold IQR, Jul 2026 (n=41, median $94). i7 / FHD / backlit-KB configs top the range; battery health is the biggest swing.",,,,"7.4mm barrel (big round tip) · 65W + USB-C PD (Thunderbolt configs only)|>Ports audited from Dell Setup & Specifications (2026-09-19): 7.4mm 65/90W bricks; USB-C charging only on the optional Thunderbolt 3 configuration — base USB-C is DisplayPort/data. 💡 Buying tip: used OEM bricks are $10–20 shipped on eBay — same price as 3rd-party, so just buy OEM.",internal,"GJKNX 68Wh — search GJKNX|>Shared 5000-series pack: fits 5280/5290/5480/5580/5490/5590/5400/5410/5500/5510 (51Wh siblings 1VX15/93FTF exist — check yours before ordering). <span style=""color:#e5b567"">⚠</span> $20–35 ""genuine OEM"" listings are near-universally FAKE cells in lookalike wrappers. Real aftermarket ~$50–70+, genuine new ~$100+ where still made; a used REAL OEM pull is often best value — check cycle count / wear on arrival.",GJKNX,https://www.dell.com/support/home/en-us/product-support/product/latitude-14-5480-laptop/overview,,
dell,,7480,2017,14,14″,Intel 6th/7th gen (Skylake/Kaby Lake),ddr4,DDR4-2133/2400 SODIMM,2× SODIMM,32 GB,,0,SATA/NVMe,,,1,1,,,,,$81–152,"Real eBay sold IQR, Jul 2026 (n=28, median $115). Premium build resells well; carbon/alu lids scratch — grade A gets a premium.",,,2X39G DM6WC,"7.4mm barrel (big round tip) · 65W + USB-C PD|>Ports audited from Dell Setup & Specifications (2026-09-19): ""7.4 mm barrel, 65W or 90W (ships 65W)""; Thunderbolt 3 USB-C with PD also charges. 💡 Buying tip: used OEM bricks are $10–20 shipped on eBay — same price as 3rd-party, so just buy OEM.",internal,"F3YGT 60Wh — search F3YGT (co-listed FRUs: 2X39G / DM6WC)|>Shared 7000-series pack: fits 7280/7290/7380/7390/7480/7490 across 12/13/14″. Sellers bundle F3YGT / 2X39G / DM6WC as interchangeable (42Wh 3-cell sibling DJ1J0 also fits the bay — less runtime, check which you want). <span style=""color:#e5b567"">⚠</span> $20–35 ""genuine OEM"" listings are near-universally FAKE cells in lookalike wrappers. Real aftermarket ~$50–70+, genuine new ~$100+ where still made; a used REAL OEM pull is often best value — check cycle count / wear on arrival.",F3YGT,https://www.dell.com/support/home/en-us/product-support/product/latitude-14-7480-laptop/overview,,
dell,,E5570,2016,15,15.6″,Intel 6th gen (Skylake),ddr4,DDR4-2133 SODIMM,2× SODIMM,32 GB,,0,SATA,1,,,2,,,,M.2 only on some configs,$65–105,Est. (calibrated to Jul 2026 sold data). i7 / FHD / backlit-KB configs top the range; battery health is the biggest swing.,,,,"7.4mm barrel (big round tip) · 90W+|>Base 90W (PA-10), top configs 130W (PA-4E). USB-C PD charging also works on most of these. An undersized brick still runs the laptop but slow-charges or throttles — check the label before blaming the machine. 💡 Buying tip: 65/90W OEM bricks are $10–20 used; the 130W ones run more like $15–25 — still buy OEM.",internal,"Internal, base-off swap. Search ""E5570 battery"". <span style=""color:#e5b567"">⚠</span> $20–35 ""genuine OEM"" listings are near-universally FAKE cells in lookalike wrappers. Real aftermarket ~$50–70+, genuine new ~$100+ where still made; a used REAL OEM pull is often best value — check cycle count / wear on arrival.",,https://www.dell.com/support/home/en-us/product-support/product/latitude-e5570-laptop/overview,,Native serial unverified. Dock route: the E-Port Plus replicator (E-family docking connector) has a DB9.|>Source for the dock: Dell E-Port Plus User's Guide (serial + parallel on the back).
dell,,E5470,2016,14,14″,Intel 6th gen (Skylake) · quad i5/i7-HQ configs exist,ddr4,DDR4-2133 SODIMM,2× SODIMM,32 GB,,0,SATA,1,,,,,,,,$65–100,"Real eBay sold IQR, Jul 2026 (n=37, median $90). i7 / FHD / backlit-KB configs top the range; battery health is the biggest swing.",,,,"7.4mm barrel (big round tip) · 65W|>Search: PA-12 / LA65NS2-01. USB-C PD charging also works on most of these configs — either connector is fine. Any 7.4mm Dell brick from ~2003–2020 fits; higher wattage than needed is always fine. 💡 Buying tip: used OEM bricks are $10–20 shipped on eBay — same price as 3rd-party, so just buy OEM.",internal,"Internal, base-off swap. Search ""E5470 battery"". <span style=""color:#e5b567"">⚠</span> $20–35 ""genuine OEM"" listings are near-universally FAKE cells in lookalike wrappers. Real aftermarket ~$50–70+, genuine new ~$100+ where still made; a used REAL OEM pull is often best value — check cycle count / wear on arrival.",,https://www.dell.com/support/home/en-us/product-support/product/latitude-e5470-laptop/overview,,Native serial unverified. Dock route: the E-Port Plus replicator (E-family docking connector) has a DB9.|>Source for the dock: Dell E-Port Plus User's Guide (serial + parallel on the back).
dell,,E7470,2016,14,14″,Intel 6th gen (Skylake),ddr4,DDR4-2133 SODIMM,2× SODIMM,16 GB (32 unofficial),,0,SATA/NVMe,,,1,1,,,,,$55–115,"Real eBay sold IQR, Jul 2026 (n=24, median $67). Premium build resells well; carbon/alu lids scratch — grade A gets a premium.",,,,"7.4mm barrel (big round tip) · 65W|>Search: PA-12 / LA65NS2-01. USB-C PD charging also works on most of these configs — either connector is fine. Any 7.4mm Dell brick from ~2003–2020 fits; higher wattage than needed is always fine. 💡 Buying tip: used OEM bricks are $10–20 shipped on eBay — same price as 3rd-party, so just buy OEM.",internal,"Internal, base-off swap. Search ""E7470 battery"". <span style=""color:#e5b567"">⚠</span> $20–35 ""genuine OEM"" listings are near-universally FAKE cells in lookalike wrappers. Real aftermarket ~$50–70+, genuine new ~$100+ where still made; a used REAL OEM pull is often best value — check cycle count / wear on arrival.",,https://www.dell.com/support/home/en-us/product-support/product/latitude-e7470-ultrabook/overview,,Native serial unverified. Dock route: the E-Port Plus replicator (E-family docking connector) has a DB9.|>Source for the dock: Dell E-Port Plus User's Guide (serial + parallel on the back).
dell,,E5550,2015,15,15.6″,Intel 4th/5th gen (Broadwell),ddr3,DDR3L-1600 SODIMM,2× SODIMM,16 GB,,0,SATA,1,,,,,,,,$55–95,Est. (calibrated to Jul 2026 sold data). i7 / FHD / backlit-KB configs top the range; battery health is the biggest swing.,,⚠ Name reused by the 2024 Latitude 5550 (DDR5 era) — check CPU gen in listings.,,7.4mm barrel (big round tip) · 90W+|>Base configs shipped 90W (PA-10 / LA90PM111); quad-core/dGPU builds came with 130W (PA-4E). An undersized brick still runs the laptop but slow-charges or throttles — check the label before blaming the machine. Any 7.4mm Dell brick from ~2003–2020 fits; higher wattage than needed is always fine. 💡 Buying tip: 65/90W OEM bricks are $10–20 used; the 130W ones run more like $15–25 — still buy OEM.,removable,"Removable pack. Many E-series share T54FJ/others — search ""E5550 battery"".|>The E5430/E6430 era has enormous cheap supply; 9-cell options exist. <span style=""color:#e5b567"">⚠</span> $20–35 ""genuine OEM"" listings are near-universally FAKE cells in lookalike wrappers. Real aftermarket ~$50–70+, genuine new ~$100+ where still made; a used REAL OEM pull is often best value — check cycle count / wear on arrival.",,https://www.dell.com/support/home/en-us/product-support/product/latitude-e5550-laptop/overview,,Native serial unverified. Dock route: the E-Port Plus replicator (E-family docking connector) has a DB9.|>Source for the dock: Dell E-Port Plus User's Guide (serial + parallel on the back).
dell,,E5450,2015,14,14″,Intel 4th/5th gen (Broadwell),ddr3,DDR3L-1600 SODIMM,2× SODIMM,16 GB,,0,SATA,1,,,,,,,7 mm bay,$60–87,"Real eBay sold IQR, Jul 2026 (n=24, median $74). i7 / FHD / backlit-KB configs top the range; battery health is the biggest swing.",,⚠ Name reused by the 2024 Latitude 5450 — check CPU gen in listings.,,"7.4mm barrel (big round tip) · 65W|>Search: PA-12 / LA65NS2-01. Any 7.4mm Dell brick from ~2003–2020 fits; higher wattage than needed is always fine. 💡 Buying tip: used OEM bricks are $10–20 shipped on eBay — same price as 3rd-party, so just buy OEM.",removable,"Removable pack. Many E-series share T54FJ/others — search ""E5450 battery"".|>The E5430/E6430 era has enormous cheap supply; 9-cell options exist. <span style=""color:#e5b567"">⚠</span> $20–35 ""genuine OEM"" listings are near-universally FAKE cells in lookalike wrappers. Real aftermarket ~$50–70+, genuine new ~$100+ where still made; a used REAL OEM pull is often best value — check cycle count / wear on arrival.",,https://www.dell.com/support/home/en-us/product-support/product/latitude-e5450-laptop/overview,,Native serial unverified. Dock route: the E-Port Plus replicator (E-family docking connector) has a DB9.|>Source for the dock: Dell E-Port Plus User's Guide (serial + parallel on the back).
dell,,E7450,2015,14,14″,Intel 5th gen (Broadwell),ddr3,DDR3L-1600 SODIMM,2× SODIMM,16 GB,,0,SATA/mSATA,2,2,,,,,,2.5″ bay or mSATA depending on config — no M.2 on this generation,$79–121,"Real eBay sold IQR, Jul 2026 (n=23, median $110). Premium build resells well; carbon/alu lids scratch — grade A gets a premium.",,,,"7.4mm barrel (big round tip) · 65W|>Search: PA-12 / LA65NS2-01. Any 7.4mm Dell brick from ~2003–2020 fits; higher wattage than needed is always fine. 💡 Buying tip: used OEM bricks are $10–20 shipped on eBay — same price as 3rd-party, so just buy OEM.",removable,"Removable pack. Many E-series share T54FJ/others — search ""E7450 battery"".|>The E5430/E6430 era has enormous cheap supply; 9-cell options exist. <span style=""color:#e5b567"">⚠</span> $20–35 ""genuine OEM"" listings are near-universally FAKE cells in lookalike wrappers. Real aftermarket ~$50–70+, genuine new ~$100+ where still made; a used REAL OEM pull is often best value — check cycle count / wear on arrival.",,https://www.dell.com/support/home/en-us/product-support/product/latitude-e7450-ultrabook/overview,,Native serial unverified. Dock route: the E-Port Plus replicator (E-family docking connector) has a DB9.|>Source for the dock: Dell E-Port Plus User's Guide (serial + parallel on the back).
dell,,E7250,2015,12,12.5″,Intel 5th gen (Broadwell),ddr3,DDR3L-1600 SODIMM,2× SODIMM,16 GB,,0,mSATA,,1,,,,,,no 2.5″ bay — mSATA only (full-size); WWAN slot can take a 2230 NVMe as a non-boot data drive (~PCIe ×2),$53–100,"Real eBay sold IQR, Jul 2026 (n=33, median $70). Premium build resells well; carbon/alu lids scratch — grade A gets a premium.",,,,"7.4mm barrel (big round tip) · 65W|>Search: PA-12 / LA65NS2-01. Any 7.4mm Dell brick from ~2003–2020 fits; higher wattage than needed is always fine. 💡 Buying tip: used OEM bricks are $10–20 shipped on eBay — same price as 3rd-party, so just buy OEM.",removable,"Removable pack. Many E-series share T54FJ/others — search ""E7250 battery"".|>The E5430/E6430 era has enormous cheap supply; 9-cell options exist. <span style=""color:#e5b567"">⚠</span> $20–35 ""genuine OEM"" listings are near-universally FAKE cells in lookalike wrappers. Real aftermarket ~$50–70+, genuine new ~$100+ where still made; a used REAL OEM pull is often best value — check cycle count / wear on arrival.",,https://www.dell.com/support/home/en-us/product-support/product/latitude-e7250-ultrabook/overview,,Native serial unverified. Dock route: the E-Port Plus replicator (E-family docking connector) has a DB9.|>Source for the dock: Dell E-Port Plus User's Guide (serial + parallel on the back).
dell,,E6540,2013,15,15.6″,Intel 4th gen (Haswell),ddr3,DDR3L-1600 SODIMM,2× SODIMM,16 GB,,0,SATA+mSATA,1,2,,,,,,,$71–129,"Real eBay sold IQR, Jul 2026 (n=34, median $107). Huge fleet supply keeps prices soft; discrete-GPU variants run slightly higher.",,,,7.4mm barrel (big round tip) · 90W+|>Base configs shipped 90W (PA-10 / LA90PM111); quad-core/dGPU builds came with 130W (PA-4E). An undersized brick still runs the laptop but slow-charges or throttles — check the label before blaming the machine. Any 7.4mm Dell brick from ~2003–2020 fits; higher wattage than needed is always fine. 💡 Buying tip: 65/90W OEM bricks are $10–20 used; the 130W ones run more like $15–25 — still buy OEM.,removable,"T54FJ 60Wh 6-cell — search T54FJ|>Legendary shared pack: fits E5420/E5520/E5430/E5530/E6420/E6520/E6430/E6530/E6440/E6540. Ocean of cheap supply; 9-cell options exist. <span style=""color:#e5b567"">⚠</span> $20–35 ""genuine OEM"" listings are near-universally FAKE cells in lookalike wrappers. Real aftermarket ~$50–70+, genuine new ~$100+ where still made; a used REAL OEM pull is often best value — check cycle count / wear on arrival.",T54FJ,https://www.dell.com/support/home/en-us/product-support/product/latitude-e6540-laptop/overview,,Native serial unverified. Dock route: the E-Port Plus replicator (E-family docking connector) has a DB9.|>Source for the dock: Dell E-Port Plus User's Guide (serial + parallel on the back).
dell,,E6440,2013,14,14″,Intel 4th gen (Haswell),ddr3,DDR3L-1600 SODIMM,2× SODIMM,16 GB,,0,SATA+mSATA,1,2,,,,,,,$49–80,"Real eBay sold IQR, Jul 2026 (n=22, median $60). Huge fleet supply keeps prices soft; discrete-GPU variants run slightly higher.",,,,"7.4mm barrel (big round tip) · 65W|>Search: PA-12 / LA65NS2-01. Any 7.4mm Dell brick from ~2003–2020 fits; higher wattage than needed is always fine. 💡 Buying tip: used OEM bricks are $10–20 shipped on eBay — same price as 3rd-party, so just buy OEM.",removable,"T54FJ 60Wh 6-cell — search T54FJ|>Legendary shared pack: fits E5420/E5520/E5430/E5530/E6420/E6520/E6430/E6530/E6440/E6540. Ocean of cheap supply; 9-cell options exist. <span style=""color:#e5b567"">⚠</span> $20–35 ""genuine OEM"" listings are near-universally FAKE cells in lookalike wrappers. Real aftermarket ~$50–70+, genuine new ~$100+ where still made; a used REAL OEM pull is often best value — check cycle count / wear on arrival.",T54FJ,https://www.dell.com/support/home/en-us/product-support/product/latitude-e6440-laptop/overview,,Native serial unverified. Dock route: the E-Port Plus replicator (E-family docking connector) has a DB9.|>Source for the dock: Dell E-Port Plus User's Guide (serial + parallel on the back).
dell,,E7440,2013,14,14″,Intel 4th gen (Haswell),ddr3,DDR3L-1600 SODIMM,2× SODIMM,16 GB,,0,SATA/mSATA,2,2,,,,,,7 mm bay · 2.5″ or mSATA depending on config — no M.2 on this generation,$50–97,"Real eBay sold IQR, Jul 2026 (n=29, median $77). Premium build resells well; carbon/alu lids scratch — grade A gets a premium.",,,,"7.4mm barrel (big round tip) · 65W|>Search: PA-12 / LA65NS2-01. Any 7.4mm Dell brick from ~2003–2020 fits; higher wattage than needed is always fine. 💡 Buying tip: used OEM bricks are $10–20 shipped on eBay — same price as 3rd-party, so just buy OEM.",internal,47Wh — search 34GKR|>E7440/E7450 4-cell (also 3RNFD). Base-off swap. <span style=color:#e5b567>⚠</span> $20–35 genuine OEM listings are near-universally FAKE cells in lookalike wrappers. Reality: decent aftermarket starts ~$50–70; genuine new ~$100+ where still manufactured; a used REAL OEM pull is often the best value — check cycle count / wear level on arrival.,34GKR,https://www.dell.com/support/home/en-us/product-support/product/latitude-e7440-ultrabook/overview,,Native serial unverified. Dock route: the E-Port Plus replicator (E-family docking connector) has a DB9.|>Source for the dock: Dell E-Port Plus User's Guide (serial + parallel on the back).
dell,,E7240,2013,12,12.5″,Intel 4th gen (Haswell),ddr3,DDR3L-1600 SODIMM,2× SODIMM,16 GB,,0,mSATA,,1,,,,,,no 2.5″ bay — mSATA only (full-size); M.2 arrives with E7270,$50–95,Est. (calibrated to Jul 2026 sold data). Premium build resells well; carbon/alu lids scratch — grade A gets a premium.,,,,"7.4mm barrel (big round tip) · 65W|>Search: PA-12 / LA65NS2-01. Any 7.4mm Dell brick from ~2003–2020 fits; higher wattage than needed is always fine. 💡 Buying tip: used OEM bricks are $10–20 shipped on eBay — same price as 3rd-party, so just buy OEM.",removable,"Removable pack. Many E-series share T54FJ/others — search ""E7240 battery"".|>The E5430/E6430 era has enormous cheap supply; 9-cell options exist. <span style=""color:#e5b567"">⚠</span> $20–35 ""genuine OEM"" listings are near-universally FAKE cells in lookalike wrappers. Real aftermarket ~$50–70+, genuine new ~$100+ where still made; a used REAL OEM pull is often best value — check cycle count / wear on arrival.",,https://www.dell.com/support/home/en-us/product-support/product/latitude-e7240-ultrabook/overview,,Native serial unverified. Dock route: the E-Port Plus replicator (E-family docking connector) has a DB9.|>Source for the dock: Dell E-Port Plus User's Guide (serial + parallel on the back).
dell,,E6530,2012,15,15.6″,Intel 3rd gen (Ivy Bridge),ddr3,DDR3-1600 SODIMM,2× SODIMM,16 GB,,0,SATA,1,,,,,,,⚠ NO working mSATA — the 14/15″ E6x30 WWAN slot has no SATA channel (Dell forums; the 12/13″ E6230/E6330 DO support it),$45–129,"Real eBay sold IQR, Jul 2026 (n=25, median $90). Huge fleet supply keeps prices soft; discrete-GPU variants run slightly higher.",,,,7.4mm barrel (big round tip) · 90W+|>Base configs shipped 90W (PA-10 / LA90PM111); quad-core/dGPU builds came with 130W (PA-4E). An undersized brick still runs the laptop but slow-charges or throttles — check the label before blaming the machine. Any 7.4mm Dell brick from ~2003–2020 fits; higher wattage than needed is always fine. 💡 Buying tip: 65/90W OEM bricks are $10–20 used; the 130W ones run more like $15–25 — still buy OEM.,removable,"T54FJ 60Wh 6-cell — search T54FJ|>Legendary shared pack: fits E5420/E5520/E5430/E5530/E6420/E6520/E6430/E6530/E6440/E6540. Ocean of cheap supply; 9-cell options exist. <span style=""color:#e5b567"">⚠</span> $20–35 ""genuine OEM"" listings are near-universally FAKE cells in lookalike wrappers. Real aftermarket ~$50–70+, genuine new ~$100+ where still made; a used REAL OEM pull is often best value — check cycle count / wear on arrival.",T54FJ,https://www.dell.com/support/home/en-us/product-support/product/latitude-e6530/overview,,Native serial unverified. Dock route: the E-Port Plus replicator (E-family docking connector) has a DB9.|>Source for the dock: Dell E-Port Plus User's Guide (serial + parallel on the back).
dell,,E6430,2012,14,14″,Intel 3rd gen (Ivy Bridge),ddr3,DDR3-1600 SODIMM,2× SODIMM,16 GB,,0,SATA,1,,,,,,,⚠ NO working mSATA — the 14/15″ E6x30 WWAN slot has no SATA channel (Dell forums; the 12/13″ E6230/E6330 DO support it),$45–100,"Real eBay sold IQR, Jul 2026 (n=33, median $70). Huge fleet supply keeps prices soft; discrete-GPU variants run slightly higher.",,"ATG = semi-rugged variant of this machine (sealed ports, outdoor screen) — searchable here.",E6430 ATG,"7.4mm barrel (big round tip) · 65W|>Search: PA-12 / LA65NS2-01. Any 7.4mm Dell brick from ~2003–2020 fits; higher wattage than needed is always fine. 💡 Buying tip: used OEM bricks are $10–20 shipped on eBay — same price as 3rd-party, so just buy OEM.",removable,"T54FJ 60Wh 6-cell — search T54FJ|>Legendary shared pack: fits E5420/E5520/E5430/E5530/E6420/E6520/E6430/E6530/E6440/E6540. Ocean of cheap supply; 9-cell options exist. <span style=""color:#e5b567"">⚠</span> $20–35 ""genuine OEM"" listings are near-universally FAKE cells in lookalike wrappers. Real aftermarket ~$50–70+, genuine new ~$100+ where still made; a used REAL OEM pull is often best value — check cycle count / wear on arrival.",T54FJ,https://www.dell.com/support/home/en-us/product-support/product/latitude-e6430/overview,,Native serial unverified. Dock route: the E-Port Plus replicator (E-family docking connector) has a DB9.|>Source for the dock: Dell E-Port Plus User's Guide (serial + parallel on the back).
dell,,E6330,2012,13,13.3″,Intel 3rd gen (Ivy Bridge),ddr3,DDR3-1600 SODIMM,2× SODIMM,16 GB,,0,SATA+mSATA,1,2,,,,,,,$40–70,Est. (calibrated to Jul 2026 sold data). Huge fleet supply keeps prices soft; discrete-GPU variants run slightly higher.,,,,"7.4mm barrel (big round tip) · 65W|>Search: PA-12 / LA65NS2-01. Any 7.4mm Dell brick from ~2003–2020 fits; higher wattage than needed is always fine. 💡 Buying tip: used OEM bricks are $10–20 shipped on eBay — same price as 3rd-party, so just buy OEM.",removable,"Removable pack. Many E-series share T54FJ/others — search ""E6330 battery"".|>The E5430/E6430 era has enormous cheap supply; 9-cell options exist. <span style=""color:#e5b567"">⚠</span> $20–35 ""genuine OEM"" listings are near-universally FAKE cells in lookalike wrappers. Real aftermarket ~$50–70+, genuine new ~$100+ where still made; a used REAL OEM pull is often best value — check cycle count / wear on arrival.",,https://www.dell.com/support/home/en-us/product-support/product/latitude-e6330/overview,,Native serial unverified. Dock route: the E-Port Plus replicator (E-family docking connector) has a DB9.|>Source for the dock: Dell E-Port Plus User's Guide (serial + parallel on the back).
dell,,E6230,2012,12,12.5″,Intel 3rd gen (Ivy Bridge),ddr3,DDR3-1600 SODIMM,2× SODIMM,16 GB,,0,SATA+mSATA,1,2,,,,,,,$40–70,Est. (calibrated to Jul 2026 sold data). Huge fleet supply keeps prices soft; discrete-GPU variants run slightly higher.,,,,"7.4mm barrel (big round tip) · 65W|>Search: PA-12 / LA65NS2-01. Any 7.4mm Dell brick from ~2003–2020 fits; higher wattage than needed is always fine. 💡 Buying tip: used OEM bricks are $10–20 shipped on eBay — same price as 3rd-party, so just buy OEM.",removable,"Removable pack. Many E-series share T54FJ/others — search ""E6230 battery"".|>The E5430/E6430 era has enormous cheap supply; 9-cell options exist. <span style=""color:#e5b567"">⚠</span> $20–35 ""genuine OEM"" listings are near-universally FAKE cells in lookalike wrappers. Real aftermarket ~$50–70+, genuine new ~$100+ where still made; a used REAL OEM pull is often best value — check cycle count / wear on arrival.",,https://www.dell.com/support/home/en-us/product-support/product/latitude-e6230/overview,,Native serial unverified. Dock route: the E-Port Plus replicator (E-family docking connector) has a DB9.|>Source for the dock: Dell E-Port Plus User's Guide (serial + parallel on the back).
dell,,E6520,2011,15,15.6″,Intel 2nd gen (Sandy Bridge),ddr3,DDR3-1333 SODIMM,2× SODIMM,16 GB (official 8),,0,SATA,1,,,,,,,,$35–65,Est. (calibrated to Jul 2026 sold data). Huge fleet supply keeps prices soft; discrete-GPU variants run slightly higher.,,,,7.4mm barrel (big round tip) · 90W+|>Base configs shipped 90W (PA-10 / LA90PM111); quad-core/dGPU builds came with 130W (PA-4E). An undersized brick still runs the laptop but slow-charges or throttles — check the label before blaming the machine. Any 7.4mm Dell brick from ~2003–2020 fits; higher wattage than needed is always fine. 💡 Buying tip: 65/90W OEM bricks are $10–20 used; the 130W ones run more like $15–25 — still buy OEM.,removable,"T54FJ 60Wh 6-cell — search T54FJ|>Legendary shared pack: fits E5420/E5520/E5430/E5530/E6420/E6520/E6430/E6530/E6440/E6540. Ocean of cheap supply; 9-cell options exist. <span style=""color:#e5b567"">⚠</span> $20–35 ""genuine OEM"" listings are near-universally FAKE cells in lookalike wrappers. Real aftermarket ~$50–70+, genuine new ~$100+ where still made; a used REAL OEM pull is often best value — check cycle count / wear on arrival.",T54FJ,https://www.dell.com/support/home/en-us/product-support/product/latitude-e6520/overview,,Native serial unverified. Dock route: the E-Port Plus replicator (E-family docking connector) has a DB9.|>Source for the dock: Dell E-Port Plus User's Guide (serial + parallel on the back).
dell,,E6420,2011,14,14″,Intel 2nd gen (Sandy Bridge),ddr3,DDR3-1333 SODIMM,2× SODIMM,16 GB (official 8),,0,SATA,1,,,,,,,,$35–73,"Real eBay sold IQR, Jul 2026 (n=20, median $50). Huge fleet supply keeps prices soft; discrete-GPU variants run slightly higher.",,"ATG = semi-rugged variant of this machine (sealed ports, outdoor screen) — searchable here.",E6420 ATG,"7.4mm barrel (big round tip) · 65W|>Search: PA-12 / LA65NS2-01. Any 7.4mm Dell brick from ~2003–2020 fits; higher wattage than needed is always fine. 💡 Buying tip: used OEM bricks are $10–20 shipped on eBay — same price as 3rd-party, so just buy OEM.",removable,"T54FJ 60Wh 6-cell — search T54FJ|>Legendary shared pack: fits E5420/E5520/E5430/E5530/E6420/E6520/E6430/E6530/E6440/E6540. Ocean of cheap supply; 9-cell options exist. <span style=""color:#e5b567"">⚠</span> $20–35 ""genuine OEM"" listings are near-universally FAKE cells in lookalike wrappers. Real aftermarket ~$50–70+, genuine new ~$100+ where still made; a used REAL OEM pull is often best value — check cycle count / wear on arrival.",T54FJ,https://www.dell.com/support/home/en-us/product-support/product/latitude-e6420/overview,0,No native port (unlike E6420 XFR) - serial via the E-Port Plus dock (E-family docking connector).|>Source: Dell E6420 Setup guide (ports omit serial).
dell,,E6320,2011,13,13.3″,Intel 2nd gen (Sandy Bridge),ddr3,DDR3-1333 SODIMM,2× SODIMM,16 GB (official 8),,0,SATA+mSATA*,1,2,,,,,,mSATA uses the WWAN slot,$35–65,Est. (calibrated to Jul 2026 sold data). Huge fleet supply keeps prices soft; discrete-GPU variants run slightly higher.,,,,"7.4mm barrel (big round tip) · 65W|>Search: PA-12 / LA65NS2-01. Any 7.4mm Dell brick from ~2003–2020 fits; higher wattage than needed is always fine. 💡 Buying tip: used OEM bricks are $10–20 shipped on eBay — same price as 3rd-party, so just buy OEM.",removable,"Removable pack. Many E-series share T54FJ/others — search ""E6320 battery"".|>The E5430/E6430 era has enormous cheap supply; 9-cell options exist. <span style=""color:#e5b567"">⚠</span> $20–35 ""genuine OEM"" listings are near-universally FAKE cells in lookalike wrappers. Real aftermarket ~$50–70+, genuine new ~$100+ where still made; a used REAL OEM pull is often best value — check cycle count / wear on arrival.",,https://www.dell.com/support/home/en-us/product-support/product/latitude-e6320/overview,,Native serial unverified. Dock route: the E-Port Plus replicator (E-family docking connector) has a DB9.|>Source for the dock: Dell E-Port Plus User's Guide (serial + parallel on the back).
dell,,E6220,2011,12,12.5″,Intel 2nd gen (Sandy Bridge),ddr3,DDR3-1333 SODIMM,2× SODIMM,16 GB (official 8),,0,SATA+mSATA*,1,2,,,,,,mSATA uses the WWAN slot,$35–65,Est. (calibrated to Jul 2026 sold data). Huge fleet supply keeps prices soft; discrete-GPU variants run slightly higher.,,,,"7.4mm barrel (big round tip) · 65W|>Search: PA-12 / LA65NS2-01. Any 7.4mm Dell brick from ~2003–2020 fits; higher wattage than needed is always fine. 💡 Buying tip: used OEM bricks are $10–20 shipped on eBay — same price as 3rd-party, so just buy OEM.",removable,"Removable pack. Many E-series share T54FJ/others — search ""E6220 battery"".|>The E5430/E6430 era has enormous cheap supply; 9-cell options exist. <span style=""color:#e5b567"">⚠</span> $20–35 ""genuine OEM"" listings are near-universally FAKE cells in lookalike wrappers. Real aftermarket ~$50–70+, genuine new ~$100+ where still made; a used REAL OEM pull is often best value — check cycle count / wear on arrival.",,https://www.dell.com/support/home/en-us/product-support/product/latitude-e6220/overview,,Native serial unverified. Dock route: the E-Port Plus replicator (E-family docking connector) has a DB9.|>Source for the dock: Dell E-Port Plus User's Guide (serial + parallel on the back).
dell,,E6510,2010,15,15.6″,Intel 1st gen Core i (Arrandale),ddr3,DDR3-1333 SODIMM,2× SODIMM,8 GB,,0,SATA,1,,,,,,,,$30–55,Est. (calibrated to Jul 2026 sold data). i7 / FHD / backlit-KB configs top the range; battery health is the biggest swing.,,,,7.4mm barrel (big round tip) · 90W+|>Base configs shipped 90W (PA-10 / LA90PM111); quad-core/dGPU builds came with 130W (PA-4E). An undersized brick still runs the laptop but slow-charges or throttles — check the label before blaming the machine. Any 7.4mm Dell brick from ~2003–2020 fits; higher wattage than needed is always fine. 💡 Buying tip: 65/90W OEM bricks are $10–20 used; the 130W ones run more like $15–25 — still buy OEM.,removable,"Removable pack. Many E-series share T54FJ/others — search ""E6510 battery"".|>The E5430/E6430 era has enormous cheap supply; 9-cell options exist. <span style=""color:#e5b567"">⚠</span> $20–35 ""genuine OEM"" listings are near-universally FAKE cells in lookalike wrappers. Real aftermarket ~$50–70+, genuine new ~$100+ where still made; a used REAL OEM pull is often best value — check cycle count / wear on arrival.",,https://www.dell.com/support/home/en-us/product-support/product/latitude-e6510/overview,0,No native port — serial via the E-Port Plus dock (E-family docking connector).|>Source: PLC-programming compatibility guide (industrialmonitordirect) — E6510 no native serial.
dell,,E6410,2010,14,14.1″,Intel 1st gen Core i (Arrandale),ddr3,DDR3-1333 SODIMM,2× SODIMM,8 GB,,0,SATA,1,,,,,,,,$30–55,Est. (calibrated to Jul 2026 sold data). i7 / FHD / backlit-KB configs top the range; battery health is the biggest swing.,,"ATG = semi-rugged variant of this machine (sealed ports, outdoor screen) — searchable here.",E6410 ATG,"7.4mm barrel (big round tip) · 65W|>Search: PA-12 / LA65NS2-01. Any 7.4mm Dell brick from ~2003–2020 fits; higher wattage than needed is always fine. 💡 Buying tip: used OEM bricks are $10–20 shipped on eBay — same price as 3rd-party, so just buy OEM.",removable,"Removable pack. Many E-series share T54FJ/others — search ""E6410 battery"".|>The E5430/E6430 era has enormous cheap supply; 9-cell options exist. <span style=""color:#e5b567"">⚠</span> $20–35 ""genuine OEM"" listings are near-universally FAKE cells in lookalike wrappers. Real aftermarket ~$50–70+, genuine new ~$100+ where still made; a used REAL OEM pull is often best value — check cycle count / wear on arrival.",,https://www.dell.com/support/home/en-us/product-support/product/latitude-e6410/overview,,Native serial unverified. Dock route: the E-Port Plus replicator (E-family docking connector) has a DB9.|>Source for the dock: Dell E-Port Plus User's Guide (serial + parallel on the back).
dell,,E4310,2010,13,13.3″,Intel 1st gen Core i (Arrandale),ddr3,DDR3-1333 SODIMM,2× SODIMM,8 GB,,0,SATA,1,,,,,,,,$30–55,Est. (calibrated to Jul 2026 sold data). Low-volume model — prices vary widely with condition.,,,,"7.4mm barrel (big round tip) · 65W|>Search: PA-12 / LA65NS2-01. Any 7.4mm Dell brick from ~2003–2020 fits; higher wattage than needed is always fine. 💡 Buying tip: used OEM bricks are $10–20 shipped on eBay — same price as 3rd-party, so just buy OEM.",removable,"Removable pack. Many E-series share T54FJ/others — search ""E4310 battery"".|>The E5430/E6430 era has enormous cheap supply; 9-cell options exist. <span style=""color:#e5b567"">⚠</span> $20–35 ""genuine OEM"" listings are near-universally FAKE cells in lookalike wrappers. Real aftermarket ~$50–70+, genuine new ~$100+ where still made; a used REAL OEM pull is often best value — check cycle count / wear on arrival.",,https://www.dell.com/support/home/en-us/product-support/product/latitude-e4310/overview,0,No native port - serial via the E-Port Plus dock (E-family docking connector).|>Source: E4310 Service Manual ports.
dell,,Latitude 13,2010,13,13.3″,Core 2 Duo ULV (SU7300),ddr3,DDR3-1066 SODIMM,1× SODIMM,4 GB,,0,SATA,1,,,,,,,,$25–45,Est. (calibrated to Jul 2026 sold data). Forgotten one-off — sells slowly.,,,,"7.4mm barrel (big round tip) · 65W|>Search: PA-12 / LA65NS2-01. Any 7.4mm Dell brick from ~2003–2020 fits; higher wattage than needed is always fine. 💡 Buying tip: used OEM bricks are $10–20 shipped on eBay — same price as 3rd-party, so just buy OEM.",removable,"Removable pack. Many E-series share T54FJ/others — search ""Latitude 13 battery"".|>The E5430/E6430 era has enormous cheap supply; 9-cell options exist. <span style=""color:#e5b567"">⚠</span> $20–35 ""genuine OEM"" listings are near-universally FAKE cells in lookalike wrappers. Real aftermarket ~$50–70+, genuine new ~$100+ where still made; a used REAL OEM pull is often best value — check cycle count / wear on arrival.",,https://www.dell.com/support/home/en-us/product-support/product/latitude-13/overview,,
dell,,E6500,2009,15,15.4″,Core 2 Duo (Penryn),ddr2,DDR2-800 SODIMM,2× SODIMM,8 GB,,0,SATA,1,,,,,,,,$30–55,Est. (calibrated to Jul 2026 sold data). i7 / FHD / backlit-KB configs top the range; battery health is the biggest swing.,,Launched 2008; Purdue lists 2009.,,7.4mm barrel (big round tip) · 90W+|>Base configs shipped 90W (PA-10 / LA90PM111); quad-core/dGPU builds came with 130W (PA-4E). An undersized brick still runs the laptop but slow-charges or throttles — check the label before blaming the machine. Any 7.4mm Dell brick from ~2003–2020 fits; higher wattage than needed is always fine. 💡 Buying tip: 65/90W OEM bricks are $10–20 used; the 130W ones run more like $15–25 — still buy OEM.,removable,"Removable 6-cell. Search ""E6500 battery"" (D-family uses common packs).|>9-cell high-capacity options extend the rear. D620/D630 packs are plentiful. <span style=""color:#e5b567"">⚠</span> $20–35 ""genuine OEM"" listings are near-universally FAKE cells in lookalike wrappers. Real aftermarket ~$50–70+, genuine new ~$100+ where still made; a used REAL OEM pull is often best value — check cycle count / wear on arrival.",,https://www.dell.com/support/home/en-us/product-support/product/latitude-e6500/overview,0,No native port — serial via the E-Port Plus dock (E-family docking connector).|>Source: PLC-programming compatibility guide (industrialmonitordirect) — E6500 no native serial.
dell,,E6400,2009,14,14.1″,Core 2 Duo (Penryn),ddr2,DDR2-800 SODIMM,2× SODIMM,8 GB,,0,SATA,1,,,,,,,,$30–55,Est. (calibrated to Jul 2026 sold data). i7 / FHD / backlit-KB configs top the range; battery health is the biggest swing.,,"Launched 2008; Purdue lists 2009. ATG = semi-rugged variant of this machine (sealed ports, outdoor screen) — searchable here.",E6400 ATG,"7.4mm barrel (big round tip) · 65W|>Search: PA-12 / LA65NS2-01. Any 7.4mm Dell brick from ~2003–2020 fits; higher wattage than needed is always fine. 💡 Buying tip: used OEM bricks are $10–20 shipped on eBay — same price as 3rd-party, so just buy OEM.",removable,"Removable 6-cell. Search ""E6400 battery"" (D-family uses common packs).|>9-cell high-capacity options extend the rear. D620/D630 packs are plentiful. <span style=""color:#e5b567"">⚠</span> $20–35 ""genuine OEM"" listings are near-universally FAKE cells in lookalike wrappers. Real aftermarket ~$50–70+, genuine new ~$100+ where still made; a used REAL OEM pull is often best value — check cycle count / wear on arrival.",,https://www.dell.com/support/home/en-us/product-support/product/latitude-e6400/overview,0,No native port — serial via the E-Port Plus dock (E-family docking connector).|>Source: Dell E6400 Setup guide callouts.
dell,,E4300,2009,13,13.3″,Core 2 Duo (Penryn SP9x00),ddr3,DDR3-1066 SODIMM,2× SODIMM,8 GB,,0,SATA,1,,,,,,,,$30–55,Est. (calibrated to Jul 2026 sold data). Low-volume model — prices vary widely with condition.,,Early DDR3 adopter — unusual for its era.,,"7.4mm barrel (big round tip) · 65W|>Search: PA-12 / LA65NS2-01. Any 7.4mm Dell brick from ~2003–2020 fits; higher wattage than needed is always fine. 💡 Buying tip: used OEM bricks are $10–20 shipped on eBay — same price as 3rd-party, so just buy OEM.",removable,"Removable 6-cell. Search ""E4300 battery"" (D-family uses common packs).|>9-cell high-capacity options extend the rear. D620/D630 packs are plentiful. <span style=""color:#e5b567"">⚠</span> $20–35 ""genuine OEM"" listings are near-universally FAKE cells in lookalike wrappers. Real aftermarket ~$50–70+, genuine new ~$100+ where still made; a used REAL OEM pull is often best value — check cycle count / wear on arrival.",,https://www.dell.com/support/home/en-us/product-support/product/latitude-e4300/overview,0,No native port - serial via the E-Port Plus dock (E-family docking connector).|>Source: Dell E4200/E4300 US spec sheet (ports omit serial).
dell,,E4200,2009,12,12.1″,Core 2 Duo ULV (SU9x00),ddr3,DDR3-1066 (1 GB onboard + 1 slot),1 GB soldered + 1× SODIMM,5 GB,1,0,1.8″ SSD,,,,,,,,"1.8″ uSATA SSD — uncommon, check drive health",$25–45,Est. (calibrated to Jul 2026 sold data). Odd 1.8″ uSATA storage scares buyers — cheap but risky.,,Uses uncommon 1.8″ uSATA SSDs — check drive health before buying.,,"7.4mm barrel (big round tip) · 65W|>Search: PA-12 / LA65NS2-01. Any 7.4mm Dell brick from ~2003–2020 fits; higher wattage than needed is always fine. 💡 Buying tip: used OEM bricks are $10–20 shipped on eBay — same price as 3rd-party, so just buy OEM.",removable,"Removable 6-cell. Search ""E4200 battery"" (D-family uses common packs).|>9-cell high-capacity options extend the rear. D620/D630 packs are plentiful. <span style=""color:#e5b567"">⚠</span> $20–35 ""genuine OEM"" listings are near-universally FAKE cells in lookalike wrappers. Real aftermarket ~$50–70+, genuine new ~$100+ where still made; a used REAL OEM pull is often best value — check cycle count / wear on arrival.",,https://www.dell.com/support/home/en-us/product-support/product/latitude-e4200/overview,0,No native port - serial via the E-Port Plus dock (E-family docking connector).|>Source: Dell E4200/E4300 US spec sheet (ports omit serial).
dell,,D830,2007,15,15.4″,Core 2 Duo (Santa Rosa),ddr2,DDR2-667 SODIMM,2× SODIMM,8 GB (official 4),,0,SATA,1,,,,,,,,$35–70,Est. (calibrated to Jul 2026 sold data). Retro/collector market — value is condition-driven; working batteries rare. ⬆ Vintage market trends UP — clean/complete examples can sell well ABOVE this range.,,,,7.4mm barrel (big round tip) · 90W+|>Base configs shipped 90W (PA-10 / LA90PM111); quad-core/dGPU builds came with 130W (PA-4E). An undersized brick still runs the laptop but slow-charges or throttles — check the label before blaming the machine. Any 7.4mm Dell brick from ~2003–2020 fits; higher wattage than needed is always fine. 💡 Buying tip: 65/90W OEM bricks are $10–20 used; the 130W ones run more like $15–25 — still buy OEM.,removable,"Removable 6-cell. Search ""D830 battery"" (D-family uses common packs).|>9-cell high-capacity options extend the rear. D620/D630 packs are plentiful. <span style=""color:#e5b567"">⚠</span> $20–35 ""genuine OEM"" listings are near-universally FAKE cells in lookalike wrappers. Real aftermarket ~$50–70+, genuine new ~$100+ where still made; a used REAL OEM pull is often best value — check cycle count / wear on arrival.",,https://www.dell.com/support/home/en-us/product-support/product/latitude-d830/overview,1,Rear DB9.|>Source: Dell User's Guide back-view callouts.
dell,,D630,2007,14,14.1″,Core 2 Duo (Santa Rosa),ddr2,DDR2-667 SODIMM,2× SODIMM,8 GB (official 4),,0,SATA,1,,,,,,,,$40–80,Est. (calibrated to Jul 2026 sold data). Retro favorite — clean units with good batteries fetch the top end. ⬆ Vintage market trends UP — clean/complete examples can sell well ABOVE this range.,,"ATG = semi-rugged variant of this machine (sealed ports, outdoor screen) — searchable here.",D630 ATG,"7.4mm barrel (big round tip) · 65W|>Search: PA-12 / LA65NS2-01. Any 7.4mm Dell brick from ~2003–2020 fits; higher wattage than needed is always fine. 💡 Buying tip: used OEM bricks are $10–20 shipped on eBay — same price as 3rd-party, so just buy OEM.",removable,"Removable 6-cell. Search ""D630 battery"" (D-family uses common packs).|>9-cell high-capacity options extend the rear. D620/D630 packs are plentiful. <span style=""color:#e5b567"">⚠</span> $20–35 ""genuine OEM"" listings are near-universally FAKE cells in lookalike wrappers. Real aftermarket ~$50–70+, genuine new ~$100+ where still made; a used REAL OEM pull is often best value — check cycle count / wear on arrival.",,https://www.dell.com/support/home/en-us/product-support/product/latitude-d630/overview,1,Rear DB9.|>Source: Dell User's Guide back view.
dell,,D430,2007,12,12.1″,Core 2 Duo ULV,ddr2,DDR2-533 SODIMM,1× SODIMM,2 GB,,0,1.8″ IDE,,,,,1,,,1.8″ ZIF drive — slow and scarce,$30–60,Est. (calibrated to Jul 2026 sold data). Retro/collector market — value is condition-driven; working batteries rare. ⬆ Vintage market trends UP — clean/complete examples can sell well ABOVE this range.,,1.8″ ZIF drives are slow and scarce — mSATA/CF adapters exist.,,"7.4mm barrel (big round tip) · 65W|>Search: PA-12 / LA65NS2-01. Any 7.4mm Dell brick from ~2003–2020 fits; higher wattage than needed is always fine. 💡 Buying tip: used OEM bricks are $10–20 shipped on eBay — same price as 3rd-party, so just buy OEM.",removable,"Removable 6-cell. Search ""D430 battery"" (D-family uses common packs).|>9-cell high-capacity options extend the rear. D620/D630 packs are plentiful. <span style=""color:#e5b567"">⚠</span> $20–35 ""genuine OEM"" listings are near-universally FAKE cells in lookalike wrappers. Real aftermarket ~$50–70+, genuine new ~$100+ where still made; a used REAL OEM pull is often best value — check cycle count / wear on arrival.",,https://www.dell.com/support/home/en-us/product-support/product/latitude-d430/overview,0,|>Source: Dell User's Guide back-view callouts (no serial in back/side views).
dell,,D820,2006,15,15.4″,Core Duo / Core 2 Duo,ddr2,DDR2-667 SODIMM,2× SODIMM,4 GB,,0,SATA,1,,,,,,,,$30–60,Est. (calibrated to Jul 2026 sold data). Retro/collector market — value is condition-driven; working batteries rare. ⬆ Vintage market trends UP — clean/complete examples can sell well ABOVE this range.,,,,7.4mm barrel (big round tip) · 90W+|>Base configs shipped 90W (PA-10 / LA90PM111); quad-core/dGPU builds came with 130W (PA-4E). An undersized brick still runs the laptop but slow-charges or throttles — check the label before blaming the machine. Any 7.4mm Dell brick from ~2003–2020 fits; higher wattage than needed is always fine. 💡 Buying tip: 65/90W OEM bricks are $10–20 used; the 130W ones run more like $15–25 — still buy OEM.,removable,"Removable 6-cell. Search ""D820 battery"" (D-family uses common packs).|>9-cell high-capacity options extend the rear. D620/D630 packs are plentiful. <span style=""color:#e5b567"">⚠</span> $20–35 ""genuine OEM"" listings are near-universally FAKE cells in lookalike wrappers. Real aftermarket ~$50–70+, genuine new ~$100+ where still made; a used REAL OEM pull is often best value — check cycle count / wear on arrival.",,https://www.dell.com/support/home/en-us/product-support/product/latitude-d820/overview,1,Rear DB9.|>Source: Dell User's Guide back-view callouts.
dell,,D620,2006,14,14.1″,Core Duo / Core 2 Duo,ddr2,DDR2-667 SODIMM,2× SODIMM,4 GB,,0,SATA,1,,,,,,,,$30–60,Est. (calibrated to Jul 2026 sold data). Retro/collector market — value is condition-driven; working batteries rare. ⬆ Vintage market trends UP — clean/complete examples can sell well ABOVE this range.,,"ATG = semi-rugged variant of this machine (sealed ports, outdoor screen) — searchable here.",D620 ATG,"7.4mm barrel (big round tip) · 65W|>Search: PA-12 / LA65NS2-01. Any 7.4mm Dell brick from ~2003–2020 fits; higher wattage than needed is always fine. 💡 Buying tip: used OEM bricks are $10–20 shipped on eBay — same price as 3rd-party, so just buy OEM.",removable,"Removable 6-cell. Search ""D620 battery"" (D-family uses common packs).|>9-cell high-capacity options extend the rear. D620/D630 packs are plentiful. <span style=""color:#e5b567"">⚠</span> $20–35 ""genuine OEM"" listings are near-universally FAKE cells in lookalike wrappers. Real aftermarket ~$50–70+, genuine new ~$100+ where still made; a used REAL OEM pull is often best value — check cycle count / wear on arrival.",,https://www.dell.com/support/home/en-us/product-support/product/latitude-d620/overview,1,Rear DB9.|>Source: Dell User's Guide back-view callouts.
dell,,D520,2006,14,15″,Celeron M / Core Duo,ddr2,DDR2-533 SODIMM,2× SODIMM,4 GB (~3.3 usable),,0,SATA,1,,,,,,,SATA-150,$30–60,Est. (calibrated to Jul 2026 sold data). Retro/collector market — value is condition-driven; working batteries rare. ⬆ Vintage market trends UP — clean/complete examples can sell well ABOVE this range.,,,,7.4mm barrel (big round tip) · 90W+|>Base configs shipped 90W (PA-10 / LA90PM111); quad-core/dGPU builds came with 130W (PA-4E). An undersized brick still runs the laptop but slow-charges or throttles — check the label before blaming the machine. Any 7.4mm Dell brick from ~2003–2020 fits; higher wattage than needed is always fine. 💡 Buying tip: 65/90W OEM bricks are $10–20 used; the 130W ones run more like $15–25 — still buy OEM.,removable,"Removable 6-cell. Search ""D520 battery"" (D-family uses common packs).|>9-cell high-capacity options extend the rear. D620/D630 packs are plentiful. <span style=""color:#e5b567"">⚠</span> $20–35 ""genuine OEM"" listings are near-universally FAKE cells in lookalike wrappers. Real aftermarket ~$50–70+, genuine new ~$100+ where still made; a used REAL OEM pull is often best value — check cycle count / wear on arrival.",,https://www.dell.com/support/home/en-us/product-support/product/latitude-d520/overview,1,Rear DB9.|>Source: Dell User's Guide back-view callouts.
dell,,D420,2006,12,12.1″,Core Solo/Duo ULV,ddr2,DDR2-533 (512 MB onboard + 1 slot),512 MB soldered + 1× SODIMM,2 GB usable (chipset limit),1,0,1.8″ IDE,,,,,1,,,1.8″ ZIF drive — slow and scarce,$25–50,Est. (calibrated to Jul 2026 sold data). Retro/collector market — value is condition-driven; working batteries rare. ⬆ Vintage market trends UP — clean/complete examples can sell well ABOVE this range.,,,,"7.4mm barrel (big round tip) · 65W|>Search: PA-12 / LA65NS2-01. Any 7.4mm Dell brick from ~2003–2020 fits; higher wattage than needed is always fine. 💡 Buying tip: used OEM bricks are $10–20 shipped on eBay — same price as 3rd-party, so just buy OEM.",removable,"Removable 6-cell. Search ""D420 battery"" (D-family uses common packs).|>9-cell high-capacity options extend the rear. D620/D630 packs are plentiful. <span style=""color:#e5b567"">⚠</span> $20–35 ""genuine OEM"" listings are near-universally FAKE cells in lookalike wrappers. Real aftermarket ~$50–70+, genuine new ~$100+ where still made; a used REAL OEM pull is often best value — check cycle count / wear on arrival.",,https://www.dell.com/support/home/en-us/product-support/product/latitude-d420/overview,0,|>Source: Dell User's Guide back-view callouts (no serial in back/side views).
dell,,D810,2005,15,15.4″,Pentium M (Sonoma),ddr2,DDR2-533 SODIMM,2× SODIMM,2 GB,,0,IDE,,,,,1,,,,$30–60,Est. (calibrated to Jul 2026 sold data). Retro/collector market — value is condition-driven; working batteries rare. ⬆ Vintage market trends UP — clean/complete examples can sell well ABOVE this range.,,,,7.4mm barrel (big round tip) · 90W+|>Base configs shipped 90W (PA-10 / LA90PM111); quad-core/dGPU builds came with 130W (PA-4E). An undersized brick still runs the laptop but slow-charges or throttles — check the label before blaming the machine. Any 7.4mm Dell brick from ~2003–2020 fits; higher wattage than needed is always fine. 💡 Buying tip: 65/90W OEM bricks are $10–20 used; the 130W ones run more like $15–25 — still buy OEM.,removable,"Removable 6-cell. Search ""D810 battery"" (D-family uses common packs).|>9-cell high-capacity options extend the rear. D620/D630 packs are plentiful. <span style=""color:#e5b567"">⚠</span> $20–35 ""genuine OEM"" listings are near-universally FAKE cells in lookalike wrappers. Real aftermarket ~$50–70+, genuine new ~$100+ where still made; a used REAL OEM pull is often best value — check cycle count / wear on arrival.",,https://www.dell.com/support/home/en-us/product-support/product/latitude-d810/overview,1,Rear DB9.|>Source: Dell User's Guide back-view callouts.
dell,,D610,2005,14,14.1″,Pentium M (Sonoma),ddr2,DDR2-533 SODIMM,2× SODIMM,2 GB,,0,IDE,,,,,1,,,,$30–60,Est. (calibrated to Jul 2026 sold data). Retro/collector market — value is condition-driven; working batteries rare. ⬆ Vintage market trends UP — clean/complete examples can sell well ABOVE this range.,,,,"7.4mm barrel (big round tip) · 65W|>Search: PA-12 / LA65NS2-01. Any 7.4mm Dell brick from ~2003–2020 fits; higher wattage than needed is always fine. 💡 Buying tip: used OEM bricks are $10–20 shipped on eBay — same price as 3rd-party, so just buy OEM.",removable,"Removable 6-cell. Search ""D610 battery"" (D-family uses common packs).|>9-cell high-capacity options extend the rear. D620/D630 packs are plentiful. <span style=""color:#e5b567"">⚠</span> $20–35 ""genuine OEM"" listings are near-universally FAKE cells in lookalike wrappers. Real aftermarket ~$50–70+, genuine new ~$100+ where still made; a used REAL OEM pull is often best value — check cycle count / wear on arrival.",,https://www.dell.com/support/home/en-us/product-support/product/latitude-d610/overview,1,Rear DB9 (with parallel).|>Source: Dell User's Guide back-view callouts.
dell,,D510,2005,14,15″,Pentium M / Celeron M,ddr2,DDR2-533 SODIMM,2× SODIMM,2 GB,,0,IDE,,,,,1,,,,$30–60,Est. (calibrated to Jul 2026 sold data). Retro/collector market — value is condition-driven; working batteries rare. ⬆ Vintage market trends UP — clean/complete examples can sell well ABOVE this range.,,,,7.4mm barrel (big round tip) · 90W+|>Base configs shipped 90W (PA-10 / LA90PM111); quad-core/dGPU builds came with 130W (PA-4E). An undersized brick still runs the laptop but slow-charges or throttles — check the label before blaming the machine. Any 7.4mm Dell brick from ~2003–2020 fits; higher wattage than needed is always fine. 💡 Buying tip: 65/90W OEM bricks are $10–20 used; the 130W ones run more like $15–25 — still buy OEM.,removable,"Removable 6-cell. Search ""D510 battery"" (D-family uses common packs).|>9-cell high-capacity options extend the rear. D620/D630 packs are plentiful. <span style=""color:#e5b567"">⚠</span> $20–35 ""genuine OEM"" listings are near-universally FAKE cells in lookalike wrappers. Real aftermarket ~$50–70+, genuine new ~$100+ where still made; a used REAL OEM pull is often best value — check cycle count / wear on arrival.",,https://www.dell.com/support/home/en-us/product-support/product/latitude-d510/overview,1,Rear DB9 (with parallel).|>Source: Dell User's Guide back-view callouts.
dell,,D410,2005,12,12.1″,Pentium M (Sonoma),ddr2,DDR2-533 SODIMM,2× SODIMM,2 GB,,0,IDE,,,,,1,,,,$30–60,Est. (calibrated to Jul 2026 sold data). Retro/collector market — value is condition-driven; working batteries rare. ⬆ Vintage market trends UP — clean/complete examples can sell well ABOVE this range.,,,,"7.4mm barrel (big round tip) · 65W|>Search: PA-12 / LA65NS2-01. Any 7.4mm Dell brick from ~2003–2020 fits; higher wattage than needed is always fine. 💡 Buying tip: used OEM bricks are $10–20 shipped on eBay — same price as 3rd-party, so just buy OEM.",removable,"Removable 6-cell. Search ""D410 battery"" (D-family uses common packs).|>9-cell high-capacity options extend the rear. D620/D630 packs are plentiful. <span style=""color:#e5b567"">⚠</span> $20–35 ""genuine OEM"" listings are near-universally FAKE cells in lookalike wrappers. Real aftermarket ~$50–70+, genuine new ~$100+ where still made; a used REAL OEM pull is often best value — check cycle count / wear on arrival.",,https://www.dell.com/support/home/en-us/product-support/product/latitude-d410/overview,0,Ultraportable — serial only via the D/Port replicator.|>Source: Dell User's Guide back-view callouts (no serial in back/side views).
dell,,D505,2004,14,15″,Pentium M (Dothan),ddr1,DDR-333 SODIMM,2× SODIMM,2 GB,,0,IDE,,,,,1,,,,$30–60,Est. (calibrated to Jul 2026 sold data). Retro/collector market — value is condition-driven; working batteries rare. ⬆ Vintage market trends UP — clean/complete examples can sell well ABOVE this range.,,,,7.4mm barrel (big round tip) · 90W+|>Base configs shipped 90W (PA-10 / LA90PM111); quad-core/dGPU builds came with 130W (PA-4E). An undersized brick still runs the laptop but slow-charges or throttles — check the label before blaming the machine. Any 7.4mm Dell brick from ~2003–2020 fits; higher wattage than needed is always fine. 💡 Buying tip: 65/90W OEM bricks are $10–20 used; the 130W ones run more like $15–25 — still buy OEM.,removable,"Removable 6-cell. Search ""D505 battery"" (D-family uses common packs).|>9-cell high-capacity options extend the rear. D620/D630 packs are plentiful. <span style=""color:#e5b567"">⚠</span> $20–35 ""genuine OEM"" listings are near-universally FAKE cells in lookalike wrappers. Real aftermarket ~$50–70+, genuine new ~$100+ where still made; a used REAL OEM pull is often best value — check cycle count / wear on arrival.",,https://www.dell.com/support/home/en-us/product-support/product/latitude-d505/overview,1,DB9 (with parallel).|>Source: Dell User's Guide connector views.
dell,,D400,2004,12,12.1″,Pentium M (Banias),ddr1,DDR-266 SODIMM,2× SODIMM,2 GB,,0,IDE,,,,,1,,,,$30–60,Est. (calibrated to Jul 2026 sold data). Retro/collector market — value is condition-driven; working batteries rare. ⬆ Vintage market trends UP — clean/complete examples can sell well ABOVE this range.,,,,"7.4mm barrel (big round tip) · 65W|>Search: PA-12 / LA65NS2-01. Any 7.4mm Dell brick from ~2003–2020 fits; higher wattage than needed is always fine. 💡 Buying tip: used OEM bricks are $10–20 shipped on eBay — same price as 3rd-party, so just buy OEM.",removable,"Removable 6-cell. Search ""D400 battery"" (D-family uses common packs).|>9-cell high-capacity options extend the rear. D620/D630 packs are plentiful. <span style=""color:#e5b567"">⚠</span> $20–35 ""genuine OEM"" listings are near-universally FAKE cells in lookalike wrappers. Real aftermarket ~$50–70+, genuine new ~$100+ where still made; a used REAL OEM pull is often best value — check cycle count / wear on arrival.",,https://www.dell.com/support/home/en-us/product-support/product/latitude-d400/overview,1,Rear DB9 — even on the ultraportable.|>Source: Dell User's Guide back view.
dell,,D800,2003,15,15.4″,Pentium M (Banias),ddr1,DDR-266/333 SODIMM,2× SODIMM,2 GB,,0,IDE,,,,,1,,,,$30–60,Est. (calibrated to Jul 2026 sold data). Retro/collector market — value is condition-driven; working batteries rare. ⬆ Vintage market trends UP — clean/complete examples can sell well ABOVE this range.,,,,7.4mm barrel (big round tip) · 90W+|>Base configs shipped 90W (PA-10 / LA90PM111); quad-core/dGPU builds came with 130W (PA-4E). An undersized brick still runs the laptop but slow-charges or throttles — check the label before blaming the machine. Any 7.4mm Dell brick from ~2003–2020 fits; higher wattage than needed is always fine. 💡 Buying tip: 65/90W OEM bricks are $10–20 used; the 130W ones run more like $15–25 — still buy OEM.,removable,"Removable 6-cell. Search ""D800 battery"" (D-family uses common packs).|>9-cell high-capacity options extend the rear. D620/D630 packs are plentiful. <span style=""color:#e5b567"">⚠</span> $20–35 ""genuine OEM"" listings are near-universally FAKE cells in lookalike wrappers. Real aftermarket ~$50–70+, genuine new ~$100+ where still made; a used REAL OEM pull is often best value — check cycle count / wear on arrival.",,https://www.dell.com/support/home/en-us/product-support/product/latitude-d800/overview,1,Rear DB9.|>Source: Dell System Information Guide back view.
dell,,D600,2003,14,14.1″,Pentium M (Banias),ddr1,DDR-266/333 SODIMM,2× SODIMM,2 GB,,0,IDE,,,,,1,,,,$30–60,Est. (calibrated to Jul 2026 sold data). Retro/collector market — value is condition-driven; working batteries rare. ⬆ Vintage market trends UP — clean/complete examples can sell well ABOVE this range.,,,,"7.4mm barrel (big round tip) · 65W|>Search: PA-12 / LA65NS2-01. Any 7.4mm Dell brick from ~2003–2020 fits; higher wattage than needed is always fine. 💡 Buying tip: used OEM bricks are $10–20 shipped on eBay — same price as 3rd-party, so just buy OEM.",removable,"Removable 6-cell. Search ""D600 battery"" (D-family uses common packs).|>9-cell high-capacity options extend the rear. D620/D630 packs are plentiful. <span style=""color:#e5b567"">⚠</span> $20–35 ""genuine OEM"" listings are near-universally FAKE cells in lookalike wrappers. Real aftermarket ~$50–70+, genuine new ~$100+ where still made; a used REAL OEM pull is often best value — check cycle count / wear on arrival.",,https://www.dell.com/support/home/en-us/product-support/product/latitude-d600/overview,1,Rear DB9 (with parallel).|>Source: Dell User's Guide back-view callouts.
dell,,D500,2003,14,14.1″,Pentium M / Celeron M,ddr1,DDR-266 SODIMM,2× SODIMM,2 GB,,0,IDE,,,,,1,,,,$30–60,Est. (calibrated to Jul 2026 sold data). Retro/collector market — value is condition-driven; working batteries rare. ⬆ Vintage market trends UP — clean/complete examples can sell well ABOVE this range.,,,,"7.4mm barrel (big round tip) · 65W|>Search: PA-12 / LA65NS2-01. Any 7.4mm Dell brick from ~2003–2020 fits; higher wattage than needed is always fine. 💡 Buying tip: used OEM bricks are $10–20 shipped on eBay — same price as 3rd-party, so just buy OEM.",removable,"Removable 6-cell. Search ""D500 battery"" (D-family uses common packs).|>9-cell high-capacity options extend the rear. D620/D630 packs are plentiful. <span style=""color:#e5b567"">⚠</span> $20–35 ""genuine OEM"" listings are near-universally FAKE cells in lookalike wrappers. Real aftermarket ~$50–70+, genuine new ~$100+ where still made; a used REAL OEM pull is often best value — check cycle count / wear on arrival.",,https://www.dell.com/support/home/en-us/product-support/product/latitude-d500/overview,1,Rear DB9.|>Source: Dell Setup guide back view.
dell,,C640,2002,14,14.1″,Pentium 4-M,ddr1,DDR-266 SODIMM,2× SODIMM,1 GB,,0,IDE,,,,,1,,,,$25–50,Est. (calibrated to Jul 2026 sold data). Retro/collector market — value is condition-driven; working batteries rare. ⬆ Vintage market trends UP — clean/complete examples can sell well ABOVE this range.,,,,"legacy Dell barrel · ~70W|>Pre-D-series family — search ""Dell PA-9"". Spares less common than the later 7.4mm standard. 💡 Buying tip: OEM preferred; this older family is scarcer, so prices vary more.",removable,Removable Li-ion (C-series era). Cells need rebuilding at this age.|>Genuine packs long gone; buy for completeness not runtime.,,https://www.dell.com/support/home/en-us/product-support/product/latitude-c640/overview,1,Rear DB9 (with parallel + PS/2).|>Source: Dell User's Guide back-view callouts.
dell,,C400,2002,12,12.1″,Pentium III-M,sdr,PC133 SDRAM SODIMM,2× SODIMM,1 GB,,0,IDE,,,,,1,,,,$25–50,Est. (calibrated to Jul 2026 sold data). Retro/collector market — value is condition-driven; working batteries rare. ⬆ Vintage market trends UP — clean/complete examples can sell well ABOVE this range.,,,,"legacy Dell barrel · ~70W|>Pre-D-series family — search ""Dell PA-9"". Spares less common than the later 7.4mm standard. 💡 Buying tip: OEM preferred; this older family is scarcer, so prices vary more.",removable,Removable Li-ion (C-series era). Cells need rebuilding at this age.|>Genuine packs long gone; buy for completeness not runtime.,,https://www.dell.com/support/home/en-us/product-support/product/latitude-c400/overview,1,"9-pin 16550 port listed on the notebook itself.|>Source: reseller tech-data sheet, not a Dell manual — the C/Port replicator also carries one. Confirm on the unit."
dell,,7490,2018,14,14″,Intel 8th gen (Kaby Lake R),ddr4,DDR4-2400 SODIMM,2× SODIMM,32 GB,,1,NVMe,,,,1,,,,,$100–150,"Real eBay sold IQR, Jul 2026 (n=43, median $130). Premium build resells well; carbon/alu lids scratch — grade A gets a premium.",,Premium (7000) 14″ ultrabook — successor to E7470. Missing from the Purdue table.,2X39G DM6WC,"7.4mm barrel (big round tip) · 65W + USB-C PD|>Ports audited from Dell Setup & Specifications (2026-09-19): E5 65W/90W (7.4mm); Thunderbolt over USB Type-C also charges. 💡 Buying tip: used OEM bricks are $10–20 shipped on eBay — same price as 3rd-party, so just buy OEM.",internal,"F3YGT 60Wh — search F3YGT (co-listed FRUs: 2X39G / DM6WC / MYJ96 (60Wh))|>Shared 7000-series pack: fits 7280/7290/7380/7390/7480/7490 across 12/13/14″. Sellers bundle F3YGT / 2X39G / DM6WC as interchangeable (multi-config: 60Wh F3YGT / 2X39G / DM6WC / BOM alt MYJ96, or 42Wh 3-cell DJ1J0 / BOM alt C27RW — check which you want). <span style=""color:#e5b567"">⚠</span> $20–35 ""genuine OEM"" listings are near-universally FAKE cells in lookalike wrappers. Real aftermarket ~$50–70+, genuine new ~$100+ where still made; a used REAL OEM pull is often best value — check cycle count / wear on arrival.",F3YGT,https://www.dell.com/support/home/en-us/product-support/product/latitude-14-7490-laptop/overview,,
dell,,7400,2019,14,14″,Intel 8th gen (Whiskey Lake),ddr4,DDR4-2400 SODIMM,2× SODIMM,32 GB,,1,NVMe,,,,1,,,,,$87–147,"Real eBay sold IQR, Jul 2026 (n=47, median $120). Premium build resells well; carbon/alu lids scratch — grade A gets a premium.",,Premium ultralight. Also a 7400 2-in-1 convertible.,,"7.4mm barrel (big round tip) · 65W + USB-C PD|>Ports audited from Dell Setup & Specifications (2026-09-19): E5 65W/90W 7.4mm barrel bricks; USB-C Thunderbolt 3 port also charges. 💡 Buying tip: used OEM bricks are $10–20 shipped on eBay — same price as 3rd-party, so just buy OEM. <span style=""color:#e5b567"">⚠</span> Basic phone USB-C chargers (5–20W) don't have enough power — you need a laptop-class 45–65W+ PD brick.",internal,"MXV9V 60Wh — search MXV9V|>Shared 13/14″ 5300-family pack: 4-cell MXV9V 60Wh (alt 5VC2M/829MX) or 3-cell G74G 42Wh (alt 8JYHH/2PFPW/3KF82) — both fit 5300 / 5300 2-in-1 / 5310 / 5310 2-in-1 / 7300 / 7400. Same bay; the 60Wh MXV9V is the one to target. (7400 2-in-1 is a DIFFERENT chassis + battery — BOM saw G8F6M 52Wh 4-cell vs clamshell MXV9V 60Wh.) <span style=""color:#e5b567"">⚠</span> $20–35 ""genuine OEM"" listings are near-universally FAKE cells in lookalike wrappers. Real aftermarket ~$50–70+, genuine new ~$100+ where still made; a used REAL OEM pull is often best value — check cycle count / wear on arrival.",MXV9V,https://www.dell.com/support/home/en-us/product-support/product/latitude-14-7400-laptop/overview,,
dell,,7410,2020,14,14″,Intel 10th gen (Comet Lake),ddr4,DDR4-2666 soldered,"soldered, no slots",32 GB,1,1,NVMe,,,,1,,,,,$135–210,Est. (calibrated to Jul 2026 sold data). Premium build resells well; carbon/alu lids scratch — grade A gets a premium.,,Premium; RAM soldered. Also a 7410 2-in-1.,,"USB-C PD only · 65W|>Ports audited from Dell Setup & Specifications (2026-09-19): two USB-C with Power Delivery are the power ports; 65/90W USB-C. Config-verified 65W USB-C shipped. 💡 Buying tip: used OEM bricks are $10–20 shipped on eBay — same price as 3rd-party, so just buy OEM. <span style=""color:#e5b567"">⚠</span> Basic phone USB-C chargers (5–20W) don't have enough power — you need a laptop-class 45–65W+ PD brick.",internal,"Internal, base-off swap. Search ""7410 battery"". <span style=""color:#e5b567"">⚠</span> $20–35 ""genuine OEM"" listings are near-universally FAKE cells in lookalike wrappers. Real aftermarket ~$50–70+, genuine new ~$100+ where still made; a used REAL OEM pull is often best value — check cycle count / wear on arrival.",,,,
dell,,7420,2021,14,14″,Intel 11th gen (Tiger Lake),ddr4,LPDDR4x-3733 soldered,"soldered, no slots",32 GB,1,1,NVMe,,,,1,,,,,$161–280,"Real eBay sold IQR, Jul 2026 (n=39, median $215). Premium build resells well; carbon/alu lids scratch — grade A gets a premium.",,Premium carbon-fibre; soldered. Also a 7420 2-in-1.,,"USB-C PD only · 65W|>Ports audited from Dell Setup & Specifications (2026-09-19): power-adapter port = USB Type-C with PD; 65/90W USB-C. 💡 Buying tip: used OEM bricks are $10–20 shipped on eBay — same price as 3rd-party, so just buy OEM. <span style=""color:#e5b567"">⚠</span> Basic phone USB-C chargers (5–20W) don't have enough power — you need a laptop-class 45–65W+ PD brick.",internal,"Internal, base-off swap. Search ""7420 battery"". <span style=""color:#e5b567"">⚠</span> $20–35 ""genuine OEM"" listings are near-universally FAKE cells in lookalike wrappers. Real aftermarket ~$50–70+, genuine new ~$100+ where still made; a used REAL OEM pull is often best value — check cycle count / wear on arrival.",,,,
dell,,7430,2022,14,14″,Intel 12th gen (Alder Lake),ddr5,DDR4-3200 or LPDDR5 soldered,"soldered, no slots",32 GB,1,1,NVMe,,,,1,,,,,$215–325,Est. (calibrated to Jul 2026 sold data). Premium build resells well; carbon/alu lids scratch — grade A gets a premium.,,Premium; soldered. Also a 7430 2-in-1.,,"USB-C PD only · 65W|>Ports audited from Dell Setup & Specifications (2026-09-19): two Thunderbolt 4 USB-C with PD; 60/65/90W USB-C. 💡 Buying tip: used OEM ~$10–20, but for USB-C any solid-brand PD charger (Anker etc.) is equally fine — the standard does the work. <span style=""color:#e5b567"">⚠</span> Basic phone USB-C chargers (5–20W) don't have enough power — you need a laptop-class 45–65W+ PD brick.",internal,"Internal, base-off swap. Search ""7430 battery"". <span style=""color:#e5b567"">⚠</span> $20–35 ""genuine OEM"" listings are near-universally FAKE cells in lookalike wrappers. Real aftermarket ~$50–70+, genuine new ~$100+ where still made; a used REAL OEM pull is often best value — check cycle count / wear on arrival.",,,,
dell,,7440,2023,14,14″,Intel 13th gen (Raptor Lake),ddr5,LPDDR5-4800 soldered,"soldered, no slots",64 GB (std 32),1,1,NVMe,,,,1,,,2230,,$349–450,"Real eBay sold IQR, Jul 2026 (n=43, median $440). Premium build resells well; carbon/alu lids scratch — grade A gets a premium.",,Premium; soldered LPDDR5. Also 7440 2-in-1 and 7440 Ultralight.,,"USB-C PD · 65W|>Any USB-C PD brick ≥65W works (Dell LA65NM170 typical; 45W = slow-charge + BIOS nag). 💡 Buying tip: used OEM ~$10–20, but for USB-C any solid-brand PD charger (Anker etc.) is equally fine — the standard does the work. <span style=""color:#e5b567"">⚠</span> Basic phone USB-C chargers (5–20W) don't have enough power — you need a laptop-class 45–65W+ PD brick.",internal,"Internal, base-off swap. Search ""7440 battery"". <span style=""color:#e5b567"">⚠</span> $20–35 ""genuine OEM"" listings are near-universally FAKE cells in lookalike wrappers. Real aftermarket ~$50–70+, genuine new ~$100+ where still made; a used REAL OEM pull is often best value — check cycle count / wear on arrival.",,,,
dell,,7450,2024,14,14″,Intel Core Ultra (Meteor Lake),ddr5,LPDDR5x-6400 soldered,"soldered, no slots",64 GB,1,1,NVMe,,,,1,,,2230,PCIe Gen 4,$425–600,"Real eBay sold IQR, Jul 2026 (n=29, median $550). Premium build resells well; carbon/alu lids scratch — grade A gets a premium.",,Premium; soldered LPDDR5x. Also 7450 2-in-1 and 7450 Ultralight.,,"USB-C PD · 65W|>Any USB-C PD brick ≥65W works (Dell LA65NM170 typical; 45W = slow-charge + BIOS nag). 💡 Buying tip: used OEM ~$10–20, but for USB-C any solid-brand PD charger (Anker etc.) is equally fine — the standard does the work. <span style=""color:#e5b567"">⚠</span> Basic phone USB-C chargers (5–20W) don't have enough power — you need a laptop-class 45–65W+ PD brick.",internal,"0HYH8 57Wh 3-cell — search 0HYH8|>57Wh 3-cell BYD / 0HYH8. Base-off swap. <span style=""color:#e5b567"">⚠</span> $20–35 ""genuine OEM"" listings are near-universally FAKE cells in lookalike wrappers. Real aftermarket ~$50–70+, genuine new ~$100+ where still made; a used REAL OEM pull is often best value — check cycle count / wear on arrival.",0HYH8,,,
dell,,7370,2016,13,13.3″,Intel 6th gen (Skylake),ddr4,DDR4-2133 SODIMM,2× SODIMM,16 GB,,0,SATA/NVMe,,,1,1,,,,,$70–115,Est. (calibrated to Jul 2026 sold data). Premium build resells well; carbon/alu lids scratch — grade A gets a premium.,,Premium 13.3″ (7000).,,"USB-C PD only · 45W|>First USB-C-only Latitudes (2016). Any PD brick works. 💡 Buying tip: used OEM ~$10–20, but for USB-C any solid-brand PD charger (Anker etc.) is equally fine — the standard does the work. <span style=""color:#e5b567"">⚠</span> Basic phone USB-C chargers (5–20W) don't have enough power — you need a laptop-class 45–65W+ PD brick.",internal,"Internal, base-off swap. Search ""7370 battery"". <span style=""color:#e5b567"">⚠</span> $20–35 ""genuine OEM"" listings are near-universally FAKE cells in lookalike wrappers. Real aftermarket ~$50–70+, genuine new ~$100+ where still made; a used REAL OEM pull is often best value — check cycle count / wear on arrival.",,https://www.dell.com/support/home/en-us/product-support/product/latitude-13-7370-laptop/overview,,
dell,,7380,2017,13,13.3″,Intel 7th gen (Kaby Lake),ddr4,DDR4-2133,1× SODIMM,16 GB,,0,SATA/NVMe,,,1,1,,,,,$80–130,Est. (calibrated to Jul 2026 sold data). Premium build resells well; carbon/alu lids scratch — grade A gets a premium.,,Premium 13.3″ (7000).,2X39G DM6WC,"7.4mm barrel (big round tip) · 65W + USB-C PD|>Ports audited from Dell Setup & Specifications (2026-09-19): ""7.4 mm barrel, 65W or 90W (ships 65W)""; Thunderbolt 3 USB-C with PD also charges. 💡 Buying tip: used OEM bricks are $10–20 shipped on eBay — same price as 3rd-party, so just buy OEM.",internal,"F3YGT 60Wh — search F3YGT (co-listed FRUs: 2X39G / DM6WC)|>Shared 7000-series pack: fits 7280/7290/7380/7390/7480/7490 across 12/13/14″. Sellers bundle F3YGT / 2X39G / DM6WC as interchangeable (42Wh 3-cell sibling DJ1J0 also fits the bay — less runtime, check which you want). <span style=""color:#e5b567"">⚠</span> $20–35 ""genuine OEM"" listings are near-universally FAKE cells in lookalike wrappers. Real aftermarket ~$50–70+, genuine new ~$100+ where still made; a used REAL OEM pull is often best value — check cycle count / wear on arrival.",F3YGT,https://www.dell.com/support/home/en-us/product-support/product/latitude-13-7380-laptop/overview,,
dell,,7300,2019,13,13.3″,Intel 8th gen (Whiskey Lake),ddr4,DDR4 SODIMM,2× SODIMM,32 GB,,1,NVMe,,,,1,,,,,$90–140,"Real eBay sold IQR, Jul 2026 (n=45, median $110). Premium build resells well; carbon/alu lids scratch — grade A gets a premium.",,Premium 13.3″ (7000).,,"7.4mm barrel (big round tip) · 65W + USB-C PD|>Ports audited from Dell Setup & Specifications (2026-09-19): E5 65W/90W 7.4mm barrel bricks; USB-C Thunderbolt 3 port also charges. 💡 Buying tip: used OEM bricks are $10–20 shipped on eBay — same price as 3rd-party, so just buy OEM. <span style=""color:#e5b567"">⚠</span> Basic phone USB-C chargers (5–20W) don't have enough power — you need a laptop-class 45–65W+ PD brick.",internal,"MXV9V 60Wh — search MXV9V|>Shared 13/14″ 5300-family pack: 4-cell MXV9V 60Wh (alt 5VC2M/829MX) or 3-cell G74G 42Wh (alt 8JYHH/2PFPW/3KF82) — both fit 5300 / 5300 2-in-1 / 5310 / 5310 2-in-1 / 7300 / 7400. Same bay; the 60Wh MXV9V is the one to target. (7400 2-in-1 is a DIFFERENT chassis + battery — not this family.) <span style=""color:#e5b567"">⚠</span> $20–35 ""genuine OEM"" listings are near-universally FAKE cells in lookalike wrappers. Real aftermarket ~$50–70+, genuine new ~$100+ where still made; a used REAL OEM pull is often best value — check cycle count / wear on arrival.",MXV9V,https://www.dell.com/support/home/en-us/product-support/product/latitude-13-7300-laptop/overview,,
dell,,7310,2020,13,13.3″,Intel 10th gen (Comet Lake),ddr4,DDR4-2666 soldered,"soldered, no slots",32 GB,1,1,NVMe,,,,1,,,,,$135–210,Est. (calibrated to Jul 2026 sold data). Premium build resells well; carbon/alu lids scratch — grade A gets a premium.,,Premium 13.3″; soldered. Also a 7310 2-in-1.,,"USB-C PD only · 65W|>Ports audited from Dell Setup & Specifications (2026-09-19): two USB-C Gen2 with PD are the power ports; 65/90W USB-C. 💡 Buying tip: used OEM bricks are $10–20 shipped on eBay — same price as 3rd-party, so just buy OEM. <span style=""color:#e5b567"">⚠</span> Basic phone USB-C chargers (5–20W) don't have enough power — you need a laptop-class 45–65W+ PD brick.",internal,"Internal, base-off swap. Search ""7310 battery"". <span style=""color:#e5b567"">⚠</span> $20–35 ""genuine OEM"" listings are near-universally FAKE cells in lookalike wrappers. Real aftermarket ~$50–70+, genuine new ~$100+ where still made; a used REAL OEM pull is often best value — check cycle count / wear on arrival.",,,,
dell,,7330,2022,13,13.3″,Intel 12th gen (Alder Lake),ddr4,DDR4-3200 soldered,"soldered, no slots",32 GB,1,1,NVMe,,,,1,,,,,$200–290,"Real eBay sold IQR, Jul 2026 (n=45, median $240). Premium build resells well; carbon/alu lids scratch — grade A gets a premium.",,Premium 13.3″ laptop; soldered. (The 7330 Rugged Extreme is a different machine.),,USB-C PD only · 65W|>Ports audited from Dell Setup & Specifications (2026-09-19): USB-C only (7330 clamshell/2-in-1 generation); 65/90W USB-C. 💡 Buying tip: 65/90W OEM bricks are $10–20 used; the 130W ones run more like $15–25 — still buy OEM.,internal,"Internal, base-off swap. Lead: 07KRV 58Wh 4-cell (41Wh 3-cell also offered). Search ""7330 battery"".|>Base-off only. <span style=""color:#e5b567"">⚠</span> $20–35 ""genuine OEM"" listings are near-universally FAKE cells in lookalike wrappers. Real aftermarket ~$50–70+, genuine new ~$100+ where still made; a used REAL OEM pull is often best value — check cycle count / wear on arrival.",,,,
dell,,7340,2023,13,13.3″,Intel 13th gen (Raptor Lake),ddr5,LPDDR5 soldered,"soldered, no slots",32 GB,1,1,NVMe,,,,1,,,2230,,$275–410,Est. (calibrated to Jul 2026 sold data). Premium build resells well; carbon/alu lids scratch — grade A gets a premium.,,Premium 13.3″ (7000); soldered.,,"USB-C PD · 65W|>Any USB-C PD brick ≥65W works (Dell LA65NM170 typical; 45W = slow-charge + BIOS nag). 💡 Buying tip: used OEM ~$10–20, but for USB-C any solid-brand PD charger (Anker etc.) is equally fine — the standard does the work. <span style=""color:#e5b567"">⚠</span> Basic phone USB-C chargers (5–20W) don't have enough power — you need a laptop-class 45–65W+ PD brick.",internal,"Internal, base-off swap. Search ""7340 battery"". <span style=""color:#e5b567"">⚠</span> $20–35 ""genuine OEM"" listings are near-universally FAKE cells in lookalike wrappers. Real aftermarket ~$50–70+, genuine new ~$100+ where still made; a used REAL OEM pull is often best value — check cycle count / wear on arrival.",,,,
dell,,E7270,2016,12,12.5″,Intel 6th gen (Skylake),ddr4,DDR4-2133 SODIMM,2× SODIMM,16 GB,,0,SATA/NVMe,,,1,1,,,,,$59–105,"Real eBay sold IQR, Jul 2026 (n=26, median $75). Premium build resells well; carbon/alu lids scratch — grade A gets a premium.",,Premium 12.5″ ultraportable (7000).,,"7.4mm barrel (big round tip) · 65W|>Search: PA-12 / LA65NS2-01. USB-C PD charging also works on most of these configs — either connector is fine. Any 7.4mm Dell brick from ~2003–2020 fits; higher wattage than needed is always fine. 💡 Buying tip: used OEM bricks are $10–20 shipped on eBay — same price as 3rd-party, so just buy OEM.",internal,"Internal, base-off swap. Search ""E7270 battery"". <span style=""color:#e5b567"">⚠</span> $20–35 ""genuine OEM"" listings are near-universally FAKE cells in lookalike wrappers. Real aftermarket ~$50–70+, genuine new ~$100+ where still made; a used REAL OEM pull is often best value — check cycle count / wear on arrival.",,https://www.dell.com/support/home/en-us/product-support/product/latitude-e7270-ultrabook/overview,,Native serial unverified. Dock route: the E-Port Plus replicator (E-family docking connector) has a DB9.|>Source for the dock: Dell E-Port Plus User's Guide (serial + parallel on the back).
dell,,7280,2017,12,12.5″,Intel 6th/7th gen (Skylake/Kaby Lake),ddr4,DDR4,1× SODIMM,16 GB,,0,SATA/NVMe,,,1,1,,,,,$81–145,"Real eBay sold IQR, Jul 2026 (n=32, median $110). Premium build resells well; carbon/alu lids scratch — grade A gets a premium.",,Premium 12.5″ ultraportable (7000). UserBenchmark-verified: large share of 7280s shipped 6th-gen (i5-6300U) — check CPU before assuming Kaby Lake.,2X39G DM6WC,"7.4mm barrel (big round tip) · 65W + USB-C PD|>Ports audited from Dell Setup & Specifications (2026-09-19): ""7.4 mm barrel, 65W or 90W (ships 65W)""; Thunderbolt 3 USB-C with PD also charges. 💡 Buying tip: used OEM bricks are $10–20 shipped on eBay — same price as 3rd-party, so just buy OEM.",internal,"F3YGT 60Wh — search F3YGT (co-listed FRUs: 2X39G / DM6WC)|>Shared 7000-series pack: fits 7280/7290/7380/7390/7480/7490 across 12/13/14″. Sellers bundle F3YGT / 2X39G / DM6WC as interchangeable (42Wh 3-cell sibling DJ1J0 also fits the bay — less runtime, check which you want). <span style=""color:#e5b567"">⚠</span> $20–35 ""genuine OEM"" listings are near-universally FAKE cells in lookalike wrappers. Real aftermarket ~$50–70+, genuine new ~$100+ where still made; a used REAL OEM pull is often best value — check cycle count / wear on arrival.",F3YGT,https://www.dell.com/support/home/en-us/product-support/product/latitude-12-7280-laptop/overview,,
dell,,9410,2020,14,14″,Intel 10th gen (Comet Lake),ddr3,LPDDR3-2133 soldered,"soldered, no slots",16 GB,1,1,NVMe,,,,1,,,,,$145–225,"Est. (calibrated to Jul 2026 sold data). Flagship, but soldered RAM caps upgrade appeal — resale sits close to 7000-series.",,Flagship (9000); soldered. Also a 9410 2-in-1.,,"USB-C PD only · 65W|>Ports audited from Dell Setup & Specifications (2026-09-19): adapter table = Type-C connector only (65/90W). Manual also prints a stray ""4.5mm DC-in"" line its own adapter table contradicts. 💡 Buying tip: used OEM bricks are $10–20 shipped on eBay — same price as 3rd-party, so just buy OEM. <span style=""color:#e5b567"">⚠</span> Basic phone USB-C chargers (5–20W) don't have enough power — you need a laptop-class 45–65W+ PD brick.",internal,"Internal (9000 premium). Search ""9410 battery"".|>Sealed premium chassis; base-off swap. <span style=""color:#e5b567"">⚠</span> $20–35 ""genuine OEM"" listings are near-universally FAKE cells in lookalike wrappers. Real aftermarket ~$50–70+, genuine new ~$100+ where still made; a used REAL OEM pull is often best value — check cycle count / wear on arrival.",,https://www.dell.com/support/home/en-us/product-support/product/latitude-14-9410-2-in-1-laptop/overview,,
dell,,9420,2021,14,14″,Intel 11th gen (Tiger Lake),ddr4,LPDDR4x soldered,"soldered, no slots",32 GB,1,1,NVMe,,,,1,,,,,$291–349,"Real eBay sold IQR, Jul 2026 (n=45, median $329). Flagship, but soldered RAM caps upgrade appeal — resale sits close to 7000-series.",,Flagship (9000); soldered. Also a 9420 2-in-1.,,"USB-C PD only · 65W|>Ports audited from Dell Setup & Specifications (2026-09-19): USB-C only generation (9410/9430 manuals checked; 9420 by platform). 💡 Buying tip: used OEM bricks are $10–20 shipped on eBay — same price as 3rd-party, so just buy OEM. <span style=""color:#e5b567"">⚠</span> Basic phone USB-C chargers (5–20W) don't have enough power — you need a laptop-class 45–65W+ PD brick.",internal,"Internal (9000 premium). Search ""9420 battery"".|>Sealed premium chassis; base-off swap. <span style=""color:#e5b567"">⚠</span> $20–35 ""genuine OEM"" listings are near-universally FAKE cells in lookalike wrappers. Real aftermarket ~$50–70+, genuine new ~$100+ where still made; a used REAL OEM pull is often best value — check cycle count / wear on arrival.",,https://www.dell.com/support/home/en-us/product-support/product/latitude-14-9420-2-in-1-laptop/overview,,
dell,,9430,2022,14,14″,Intel 12th gen (Alder Lake),ddr5,LPDDR5 soldered,"soldered, no slots",32 GB,1,1,NVMe,,,,1,,,2230,,$337–470,"Real eBay sold IQR, Jul 2026 (n=47, median $389). Flagship, but soldered RAM caps upgrade appeal — resale sits close to 7000-series.",,Flagship (9000); soldered. Also a 9430 2-in-1.,,"USB-C PD only · 65W|>Ports audited from Dell Setup & Specifications (2026-09-19): Type-C power input via one of the two onboard USB-C; 60/65/90W USB-C. 💡 Buying tip: used OEM ~$10–20, but for USB-C any solid-brand PD charger (Anker etc.) is equally fine — the standard does the work. <span style=""color:#e5b567"">⚠</span> Basic phone USB-C chargers (5–20W) don't have enough power — you need a laptop-class 45–65W+ PD brick.",internal,"Internal (9000 premium). Search ""9430 battery"".|>Sealed premium chassis; base-off swap. <span style=""color:#e5b567"">⚠</span> $20–35 ""genuine OEM"" listings are near-universally FAKE cells in lookalike wrappers. Real aftermarket ~$50–70+, genuine new ~$100+ where still made; a used REAL OEM pull is often best value — check cycle count / wear on arrival.",,https://www.dell.com/support/home/en-us/product-support/product/latitude-14-9430-laptop/overview,,
dell,,9440,2023,14,14″,Intel 13th gen (Raptor Lake),ddr5,LPDDR5x-6400 soldered,"soldered, no slots",64 GB,1,1,NVMe,,,,1,,,2230,,$295–440,"Est. (calibrated to Jul 2026 sold data). Flagship, but soldered RAM caps upgrade appeal — resale sits close to 7000-series.",,Flagship 9440 2-in-1; soldered LPDDR5x.,,"USB-C PD · 65W|>Any USB-C PD brick ≥65W works (Dell LA65NM170 typical; 45W = slow-charge + BIOS nag). 💡 Buying tip: used OEM ~$10–20, but for USB-C any solid-brand PD charger (Anker etc.) is equally fine — the standard does the work. <span style=""color:#e5b567"">⚠</span> Basic phone USB-C chargers (5–20W) don't have enough power — you need a laptop-class 45–65W+ PD brick.",internal,"Internal (9000 premium). Search ""9440 battery"".|>Sealed premium chassis; base-off swap. <span style=""color:#e5b567"">⚠</span> $20–35 ""genuine OEM"" listings are near-universally FAKE cells in lookalike wrappers. Real aftermarket ~$50–70+, genuine new ~$100+ where still made; a used REAL OEM pull is often best value — check cycle count / wear on arrival.",,https://www.dell.com/support/home/en-us/product-support/product/latitude-14-9440-2-in-1-laptop/overview,,
dell,,9450,2024,14,14″,Intel Core Ultra (Meteor Lake),ddr5,LPDDR5x-7467 soldered,"soldered, no slots",64 GB,1,1,NVMe,,,,1,,,2230,PCIe Gen 4,$430–625,"Est. (calibrated to Jul 2026 sold data). Flagship, but soldered RAM caps upgrade appeal — resale sits close to 7000-series.",,Flagship 9450 2-in-1; soldered LPDDR5x.,,"USB-C PD · 65W|>Any USB-C PD brick ≥65W works (Dell LA65NM170 typical; 45W = slow-charge + BIOS nag). 💡 Buying tip: used OEM ~$10–20, but for USB-C any solid-brand PD charger (Anker etc.) is equally fine — the standard does the work. <span style=""color:#e5b567"">⚠</span> Basic phone USB-C chargers (5–20W) don't have enough power — you need a laptop-class 45–65W+ PD brick.",internal,"Internal (9000 premium). Search ""9450 battery"".|>Sealed premium chassis; base-off swap. <span style=""color:#e5b567"">⚠</span> $20–35 ""genuine OEM"" listings are near-universally FAKE cells in lookalike wrappers. Real aftermarket ~$50–70+, genuine new ~$100+ where still made; a used REAL OEM pull is often best value — check cycle count / wear on arrival.",,https://www.dell.com/support/home/en-us/product-support/product/latitude-14-9450-2-in-1-laptop/overview,,
dell,,9510,2020,15,15.6″,Intel 10th gen (Comet Lake),ddr3,LPDDR3-2133 soldered,"soldered, no slots",16 GB,1,1,NVMe,,,,1,,,,,$145–225,"Est. (calibrated to Jul 2026 sold data). Flagship, but soldered RAM caps upgrade appeal — resale sits close to 7000-series.",,Flagship 15″ (9000); soldered. Also a 9510 2-in-1.,,"USB-C PD only · 65W|>Ports audited from Dell Setup & Specifications (2026-09-19): ""two power-adapter USB Type-C ports""; 65/90W USB-C. 💡 Buying tip: used OEM bricks are $10–20 shipped on eBay — same price as 3rd-party, so just buy OEM. <span style=""color:#e5b567"">⚠</span> Basic phone USB-C chargers (5–20W) don't have enough power — you need a laptop-class 45–65W+ PD brick.",internal,"Internal (9000 premium). Search ""9510 battery"".|>Sealed premium chassis; base-off swap. <span style=""color:#e5b567"">⚠</span> $20–35 ""genuine OEM"" listings are near-universally FAKE cells in lookalike wrappers. Real aftermarket ~$50–70+, genuine new ~$100+ where still made; a used REAL OEM pull is often best value — check cycle count / wear on arrival.",,https://www.dell.com/support/home/en-us/product-support/product/latitude-15-9510-2-in-1-laptop/overview,,
dell,,9520,2021,15,15″,Intel 11th gen (Tiger Lake),ddr4,LPDDR4x soldered,"soldered, no slots",32 GB,1,1,NVMe,,,,1,,,,,$165–250,"Est. (calibrated to Jul 2026 sold data). Flagship, but soldered RAM caps upgrade appeal — resale sits close to 7000-series.",,Flagship 15″ (9000); soldered. Also a 9520 2-in-1.,,"USB-C PD only · 65W|>Ports audited from Dell Setup & Specifications (2026-09-19): USB-C only generation (9510 manual checked; 9520 by platform). 💡 Buying tip: used OEM bricks are $10–20 shipped on eBay — same price as 3rd-party, so just buy OEM. <span style=""color:#e5b567"">⚠</span> Basic phone USB-C chargers (5–20W) don't have enough power — you need a laptop-class 45–65W+ PD brick.",internal,"Internal (9000 premium). Search ""9520 battery"".|>Sealed premium chassis; base-off swap. <span style=""color:#e5b567"">⚠</span> $20–35 ""genuine OEM"" listings are near-universally FAKE cells in lookalike wrappers. Real aftermarket ~$50–70+, genuine new ~$100+ where still made; a used REAL OEM pull is often best value — check cycle count / wear on arrival.",,https://www.dell.com/support/home/en-us/product-support/product/latitude-15-9520-2-in-1-laptop/overview,,
dell,,9330,2022,13,13.3″,Intel 12th gen (Alder Lake),ddr5,LPDDR5-5200 soldered,"soldered, no slots",32 GB,1,1,NVMe,,,,1,,,,up to 1 TB,$230–345,"Est. (calibrated to Jul 2026 sold data). Flagship, but soldered RAM caps upgrade appeal — resale sits close to 7000-series.",,"Flagship 13.3″ 2-in-1 (9000); QHD+ touch, thinnest Latitude ever made.",,"USB-C PD only · 65W|>Ports audited from Dell Setup & Specifications (2026-09-19): USB-C only generation (9430 manual checked; 9330 by platform). 💡 Buying tip: used OEM ~$10–20, but for USB-C any solid-brand PD charger (Anker etc.) is equally fine — the standard does the work. <span style=""color:#e5b567"">⚠</span> Basic phone USB-C chargers (5–20W) don't have enough power — you need a laptop-class 45–65W+ PD brick.",internal,"Internal (9000 premium). Search ""9330 battery"".|>Sealed premium chassis; base-off swap. <span style=""color:#e5b567"">⚠</span> $20–35 ""genuine OEM"" listings are near-universally FAKE cells in lookalike wrappers. Real aftermarket ~$50–70+, genuine new ~$100+ where still made; a used REAL OEM pull is often best value — check cycle count / wear on arrival.",,https://www.dell.com/support/home/en-us/product-support/product/latitude-13-9330-laptop/overview,,
dell,,3480,2016,14,14″,Intel 7th gen (Kaby Lake),ddr4,DDR4 SODIMM,2× SODIMM,16 GB,,0,SATA/NVMe,1,,1,1,,,,,$50–85,Est. (calibrated to Jul 2026 sold data). Budget line — big off-lease supply keeps prices soft; plastics often show wear.,,Budget / education line (3000).,,"7.4mm barrel (big round tip) · 65W|>Search: PA-12 / LA65NS2-01. USB-C PD charging also works on most of these configs — either connector is fine. Any 7.4mm Dell brick from ~2003–2020 fits; higher wattage than needed is always fine. 💡 Buying tip: used OEM bricks are $10–20 shipped on eBay — same price as 3rd-party, so just buy OEM.",internal,"Internal, base-off swap. Search ""3480 battery"". <span style=""color:#e5b567"">⚠</span> $20–35 ""genuine OEM"" listings are near-universally FAKE cells in lookalike wrappers. Real aftermarket ~$50–70+, genuine new ~$100+ where still made; a used REAL OEM pull is often best value — check cycle count / wear on arrival.",,https://www.dell.com/support/home/en-us/product-support/product/latitude-14-3480-laptop/overview,,
dell,,3490,2017,14,14″,Intel 8th gen (Kaby Lake R),ddr4,DDR4 SODIMM,2× SODIMM,32 GB,,1,SATA/NVMe,1,,1,1,,,,,$55–95,Est. (calibrated to Jul 2026 sold data). Budget line — big off-lease supply keeps prices soft; plastics often show wear.,,Budget (3000).,,"Dell 4.5mm small barrel · 65W + USB-C PD|>Ports audited from Dell Setup & Specifications (2026-09-19): ""USB Type-C with DisplayPort and power delivery""; barrel size per sibling 3590 manual (4.5mm) — own adapter page not machine-readable. 💡 Used OEM bricks $10–20 on eBay — same price as 3rd-party, so buy OEM.",internal,"Internal, base-off swap. Search ""3490 battery"". <span style=""color:#e5b567"">⚠</span> $20–35 ""genuine OEM"" listings are near-universally FAKE cells in lookalike wrappers. Real aftermarket ~$50–70+, genuine new ~$100+ where still made; a used REAL OEM pull is often best value — check cycle count / wear on arrival.",,https://www.dell.com/support/home/en-us/product-support/product/latitude-14-3490-laptop/overview,,
dell,,3400,2018,14,14″,Intel 8th gen (Whiskey Lake),ddr4,DDR4 SODIMM,2× SODIMM,64 GB,,1,NVMe,1,,1,1,,,,,$70–110,Est. (calibrated to Jul 2026 sold data). Budget line — big off-lease supply keeps prices soft; plastics often show wear.,,Budget (3000).,,Dell 4.5mm small barrel · 65W + USB-C PD|>Ports audited from Dell Setup & Specifications (2026-09-19): 45/65W 4.5mm barrel bricks AND 65/90W USB Type-C bricks; USB-C 3.1 with Power Delivery. Config-verified 65W 4.5mm shipped (5517KT2). 💡 Used OEM bricks $10–20 on eBay.,internal,"Internal, base-off swap. Search ""3400 battery"". <span style=""color:#e5b567"">⚠</span> $20–35 ""genuine OEM"" listings are near-universally FAKE cells in lookalike wrappers. Real aftermarket ~$50–70+, genuine new ~$100+ where still made; a used REAL OEM pull is often best value — check cycle count / wear on arrival.",,https://www.dell.com/support/home/en-us/product-support/product/latitude-14-3400-laptop/overview,,
dell,,3410,2020,14,14″,Intel 10th gen (Comet Lake),ddr4,DDR4-2666 SODIMM,2× SODIMM,64 GB,,1,NVMe,1,,1,1,,,,,$95–150,Est. (calibrated to Jul 2026 sold data). Budget line — big off-lease supply keeps prices soft; plastics often show wear.,,Budget (3000).,,"Dell 4.5mm small barrel · 65W + USB-C PD|>Ports audited from Dell Setup & Specifications (2026-09-19): ""power adapter port 4.5 mm barrel-type"" (4.5 x 2.9mm); 65W Type-C adapter optional; USB-C PD. 💡 Buying tip: used OEM bricks are $10–20 shipped on eBay — same price as 3rd-party, so just buy OEM. <span style=""color:#e5b567"">⚠</span> Basic phone USB-C chargers (5–20W) don't have enough power — you need a laptop-class 45–65W+ PD brick.",internal,"Internal, base-off swap. Search ""3410 battery"". <span style=""color:#e5b567"">⚠</span> $20–35 ""genuine OEM"" listings are near-universally FAKE cells in lookalike wrappers. Real aftermarket ~$50–70+, genuine new ~$100+ where still made; a used REAL OEM pull is often best value — check cycle count / wear on arrival.",,https://www.dell.com/support/home/en-us/product-support/product/latitude-14-3410-laptop/overview,,
dell,,3420,2021,14,14″,Intel 11th gen (Tiger Lake),ddr4,DDR4-3200 SODIMM,2× SODIMM,64 GB,,1,NVMe,1,,1,1,,,,,$110–165,Est. (calibrated to Jul 2026 sold data). Budget line — big off-lease supply keeps prices soft; plastics often show wear.,,Budget (3000).,,"Dell 4.5mm small barrel · 65W + USB-C PD|>Ports audited from Dell Setup & Specifications (2026-09-19): 4.5mm barrel port; 65W bricks in both 4.5mm and USB-C. 💡 Buying tip: used OEM bricks are $10–20 shipped on eBay — same price as 3rd-party, so just buy OEM. <span style=""color:#e5b567"">⚠</span> Basic phone USB-C chargers (5–20W) don't have enough power — you need a laptop-class 45–65W+ PD brick.",internal,"WV3K8 54Wh 4-cell — search WV3K8|>54Wh 4-cell BYD (BOM) for the 3420. Not shared with the 3440. <span style=""color:#e5b567"">⚠</span> $20–35 ""genuine OEM"" listings are near-universally FAKE cells in lookalike wrappers. Real aftermarket ~$50–70+, genuine new ~$100+ where still made; a used REAL OEM pull is often best value — check cycle count / wear on arrival.",WV3K8,https://www.dell.com/support/home/en-us/product-support/product/latitude-14-3420-laptop/overview,,
dell,,3430,2022,14,14″,Intel 12th gen (Alder Lake),ddr4,DDR4-3200 SODIMM,2× SODIMM,64 GB,,1,NVMe,,,,1,,,,,$150–230,Est. (calibrated to Jul 2026 sold data). Budget line — big off-lease supply keeps prices soft; plastics often show wear.,,Budget (3000).,,"Dell 4.5mm small barrel · 65W + USB-C PD|>Ports audited from Dell Setup & Specifications (2026-09-19): 4.5mm barrel port; 65W bricks in both 4.5mm and USB-C. 💡 Buying tip: used OEM ~$10–20, but for USB-C any solid-brand PD charger (Anker etc.) is equally fine — the standard does the work. <span style=""color:#e5b567"">⚠</span> Basic phone USB-C chargers (5–20W) don't have enough power — you need a laptop-class 45–65W+ PD brick.",internal,"Internal, base-off swap. Search ""3430 battery"". <span style=""color:#e5b567"">⚠</span> $20–35 ""genuine OEM"" listings are near-universally FAKE cells in lookalike wrappers. Real aftermarket ~$50–70+, genuine new ~$100+ where still made; a used REAL OEM pull is often best value — check cycle count / wear on arrival.",,https://www.dell.com/support/home/en-us/product-support/product/latitude-14-3430-laptop/overview,,
dell,,3440,2023,14,14″,Intel 13th gen (Raptor Lake),ddr5,DDR5-5200 SODIMM,2× SODIMM,64 GB,,1,NVMe,,,,1,,,,,$240–349,"Real eBay sold IQR, Jul 2026 (n=38, median $295). Budget line — big off-lease supply keeps prices soft; plastics often show wear.",,Budget (3000).,,"USB-C PD · 65W — or 4.5mm barrel|>Any USB-C PD brick ≥65W works (Dell LA65NM170 typical; 45W = slow-charge + BIOS nag). A 65W 4.5mm-tip barrel config also exists (Dell spec-sheet option, DA65NM191) — check which jack your unit has before buying a brick. 💡 Buying tip: used OEM ~$10–20, but for USB-C any solid-brand PD charger (Anker etc.) is equally fine — the standard does the work. <span style=""color:#e5b567"">⚠</span> Basic phone USB-C chargers (5–20W) don't have enough power — you need a laptop-class 45–65W+ PD brick.",internal,"803W6 54Wh 3-cell — search 803W6|>54Wh 3-cell BYD (BOM) for the 3440. Separate from the 3420. <span style=""color:#e5b567"">⚠</span> $20–35 ""genuine OEM"" listings are near-universally FAKE cells in lookalike wrappers. Real aftermarket ~$50–70+, genuine new ~$100+ where still made; a used REAL OEM pull is often best value — check cycle count / wear on arrival.",803W6,https://www.dell.com/support/home/en-us/product-support/product/latitude-14-3440-laptop/overview,,
dell,,3450,2024,14,14″,Intel Core 5/7 (Meteor Lake U),ddr5,DDR5-5600 SODIMM,2× SODIMM,64 GB,,1,NVMe,,,,1,,,,,$290–415,Est. (calibrated to Jul 2026 sold data). Budget line — big off-lease supply keeps prices soft; plastics often show wear.,,Budget (3000).,,"USB-C PD · 65W — or 4.5mm barrel|>Any USB-C PD brick ≥65W works (Dell LA65NM170 typical; 45W = slow-charge + BIOS nag). A 65W 4.5mm-tip barrel config also exists (Dell spec-sheet option, DA65NM191) — check which jack your unit has before buying a brick. 💡 Buying tip: used OEM ~$10–20, but for USB-C any solid-brand PD charger (Anker etc.) is equally fine — the standard does the work. <span style=""color:#e5b567"">⚠</span> Basic phone USB-C chargers (5–20W) don't have enough power — you need a laptop-class 45–65W+ PD brick.",internal,"Internal, base-off swap. Search ""3450 battery"". <span style=""color:#e5b567"">⚠</span> $20–35 ""genuine OEM"" listings are near-universally FAKE cells in lookalike wrappers. Real aftermarket ~$50–70+, genuine new ~$100+ where still made; a used REAL OEM pull is often best value — check cycle count / wear on arrival.",,https://www.dell.com/support/home/en-us/product-support/product/latitude-14-3450-laptop/overview,,
dell,,3580,2017,15,15.6″,Intel 7th gen (Kaby Lake),ddr4,DDR4 SODIMM,2× SODIMM,16 GB,,0,SATA/NVMe,1,,1,1,,,,,$55–95,Est. (calibrated to Jul 2026 sold data). Budget line — big off-lease supply keeps prices soft; plastics often show wear.,,Budget 15″ (3000).,,"7.4mm barrel (big round tip) · 65W · no USB-C charging|>Ports audited from Dell Setup & Specifications (2026-09-19): ""65W E4 adapter, 7.4 mm barrel""; no USB-C PD listed. 💡 Buying tip: 65/90W OEM bricks are $10–20 used; the 130W ones run more like $15–25 — still buy OEM.",internal,"Internal, base-off swap. Search ""3580 battery"". <span style=""color:#e5b567"">⚠</span> $20–35 ""genuine OEM"" listings are near-universally FAKE cells in lookalike wrappers. Real aftermarket ~$50–70+, genuine new ~$100+ where still made; a used REAL OEM pull is often best value — check cycle count / wear on arrival.",,https://www.dell.com/support/home/en-us/product-support/product/latitude-15-3580-laptop/overview,,
dell,,3590,2018,15,15.6″,Intel 8th gen (Kaby Lake R),ddr4,DDR4 SODIMM,2× SODIMM,32 GB,,1,NVMe,1,,1,1,,,,,$70–110,Est. (calibrated to Jul 2026 sold data). Budget line — big off-lease supply keeps prices soft; plastics often show wear.,,Budget 15″ (3000).,,"Dell 4.5mm small barrel · 65W + USB-C PD|>Ports audited from Dell Setup & Specifications (2026-09-19): ""USB Type-C with DisplayPort and power delivery"" + DC-in; adapter table ""barrel connectors 4.5 mm"" (45/65W). 💡 Used OEM bricks $10–20 on eBay.",internal,"Internal, base-off swap. Search ""3590 battery"". <span style=""color:#e5b567"">⚠</span> $20–35 ""genuine OEM"" listings are near-universally FAKE cells in lookalike wrappers. Real aftermarket ~$50–70+, genuine new ~$100+ where still made; a used REAL OEM pull is often best value — check cycle count / wear on arrival.",,https://www.dell.com/support/home/en-us/product-support/product/latitude-15-3590-laptop/overview,,
dell,,3500,2019,15,15.6″,Intel 8th gen (Whiskey Lake),ddr4,DDR4 SODIMM,2× SODIMM,32 GB,,1,NVMe,1,,1,1,,,,,$85–125,Est. (calibrated to Jul 2026 sold data). Budget line — big off-lease supply keeps prices soft; plastics often show wear.,,Budget 15″ (3000).,,Dell 4.5mm small barrel · 65W + USB-C PD|>Ports audited from Dell Setup & Specifications (2026-09-19): 45/65W 4.5mm barrel bricks AND 65/90W USB Type-C bricks; USB-C with Power Delivery. 💡 Used OEM bricks $10–20 on eBay.,internal,"Internal, base-off swap. Search ""3500 battery"". <span style=""color:#e5b567"">⚠</span> $20–35 ""genuine OEM"" listings are near-universally FAKE cells in lookalike wrappers. Real aftermarket ~$50–70+, genuine new ~$100+ where still made; a used REAL OEM pull is often best value — check cycle count / wear on arrival.",,https://www.dell.com/support/home/en-us/product-support/product/latitude-15-3500-laptop/overview,,
dell,,3520,2021,15,15.6″,Intel 11th gen (Tiger Lake),ddr4,DDR4-3200 SODIMM,2× SODIMM,64 GB,,1,NVMe,1,,1,1,,,,,$110–165,Est. (calibrated to Jul 2026 sold data). Budget line — big off-lease supply keeps prices soft; plastics often show wear.,,Budget 15″ (3000).,,"Dell 4.5mm small barrel · 65W + USB-C PD|>Ports audited from Dell Setup & Specifications (2026-09-19): 4.5mm barrel port; 65W bricks in both 4.5mm and USB-C. 💡 Buying tip: used OEM bricks are $10–20 shipped on eBay — same price as 3rd-party, so just buy OEM. <span style=""color:#e5b567"">⚠</span> Basic phone USB-C chargers (5–20W) don't have enough power — you need a laptop-class 45–65W+ PD brick.",internal,"Internal, base-off swap. Search ""3520 battery"". <span style=""color:#e5b567"">⚠</span> $20–35 ""genuine OEM"" listings are near-universally FAKE cells in lookalike wrappers. Real aftermarket ~$50–70+, genuine new ~$100+ where still made; a used REAL OEM pull is often best value — check cycle count / wear on arrival.",,https://www.dell.com/support/home/en-us/product-support/product/latitude-15-3520-laptop/overview,,
dell,,3530,2022,15,15.6″,Intel 12th gen (Alder Lake),ddr4,DDR4-3200 SODIMM,2× SODIMM,64 GB,,1,NVMe,,,,1,,,,,$150–230,Est. (calibrated to Jul 2026 sold data). Budget line — big off-lease supply keeps prices soft; plastics often show wear.,,Budget 15″ (3000).,,"Dell 4.5mm small barrel · 65W + USB-C PD|>Ports audited from Dell Setup & Specifications (2026-09-19): 4.5mm barrel port; 65W bricks in both 4.5mm and USB-C. 💡 Buying tip: used OEM ~$10–20, but for USB-C any solid-brand PD charger (Anker etc.) is equally fine — the standard does the work. <span style=""color:#e5b567"">⚠</span> Basic phone USB-C chargers (5–20W) don't have enough power — you need a laptop-class 45–65W+ PD brick.",internal,"Internal, base-off swap. Search ""3530 battery"". <span style=""color:#e5b567"">⚠</span> $20–35 ""genuine OEM"" listings are near-universally FAKE cells in lookalike wrappers. Real aftermarket ~$50–70+, genuine new ~$100+ where still made; a used REAL OEM pull is often best value — check cycle count / wear on arrival.",,https://www.dell.com/support/home/en-us/product-support/product/latitude-15-3530-laptop/overview,,
dell,,3540,2023,15,15.6″,Intel 13th gen (Raptor Lake),ddr5,DDR5-5200 SODIMM,2× SODIMM,64 GB,,1,NVMe,,,,1,,,,,$200–295,Est. (calibrated to Jul 2026 sold data). Budget line — big off-lease supply keeps prices soft; plastics often show wear.,,Budget 15″ (3000).,,"USB-C PD · 65W — or 4.5mm barrel|>Any USB-C PD brick ≥65W works (Dell LA65NM170 typical; 45W = slow-charge + BIOS nag). A 65W 4.5mm-tip barrel config also exists (Dell spec-sheet option, DA65NM191) — check which jack your unit has before buying a brick. 💡 Buying tip: used OEM ~$10–20, but for USB-C any solid-brand PD charger (Anker etc.) is equally fine — the standard does the work. <span style=""color:#e5b567"">⚠</span> Basic phone USB-C chargers (5–20W) don't have enough power — you need a laptop-class 45–65W+ PD brick.",internal,"Internal, base-off swap. Search ""3540 battery"". <span style=""color:#e5b567"">⚠</span> $20–35 ""genuine OEM"" listings are near-universally FAKE cells in lookalike wrappers. Real aftermarket ~$50–70+, genuine new ~$100+ where still made; a used REAL OEM pull is often best value — check cycle count / wear on arrival.",,https://www.dell.com/support/home/en-us/product-support/product/latitude-15-3540-laptop/overview,,
dell,,3550,2024,15,15.6″,Intel Core 5/7 (Meteor Lake U),ddr5,DDR5-5600 SODIMM,2× SODIMM,64 GB,,1,NVMe,,,,1,,,,,$290–415,Est. (calibrated to Jul 2026 sold data). Budget line — big off-lease supply keeps prices soft; plastics often show wear.,,Budget 15″ (3000).,,"USB-C PD · 65W — or 4.5mm barrel|>Any USB-C PD brick ≥65W works (Dell LA65NM170 typical; 45W = slow-charge + BIOS nag). A 65W 4.5mm-tip barrel config also exists (Dell spec-sheet option, DA65NM191) — check which jack your unit has before buying a brick. 💡 Buying tip: used OEM ~$10–20, but for USB-C any solid-brand PD charger (Anker etc.) is equally fine — the standard does the work. <span style=""color:#e5b567"">⚠</span> Basic phone USB-C chargers (5–20W) don't have enough power — you need a laptop-class 45–65W+ PD brick.",internal,"Internal, base-off swap. Search ""3550 battery"". <span style=""color:#e5b567"">⚠</span> $20–35 ""genuine OEM"" listings are near-universally FAKE cells in lookalike wrappers. Real aftermarket ~$50–70+, genuine new ~$100+ where still made; a used REAL OEM pull is often best value — check cycle count / wear on arrival.",,https://www.dell.com/support/home/en-us/product-support/product/latitude-15-3550-laptop/overview,,
dell,,3380,2016,13,13.3″,Intel 6th/7th gen,ddr4,DDR4 SODIMM,1× SODIMM,8 GB,,0,SATA,2,,2,,,,,,$50–85,Est. (calibrated to Jul 2026 sold data). Budget line — big off-lease supply keeps prices soft; plastics often show wear.,,Budget 13.3″ (3000/3300 education).,,"7.4mm barrel (big round tip) · 65W|>Search: PA-12 / LA65NS2-01. USB-C PD charging also works on most of these configs — either connector is fine. Any 7.4mm Dell brick from ~2003–2020 fits; higher wattage than needed is always fine. 💡 Buying tip: used OEM bricks are $10–20 shipped on eBay — same price as 3rd-party, so just buy OEM.",internal,"Internal, base-off swap. Search ""3380 battery"". <span style=""color:#e5b567"">⚠</span> $20–35 ""genuine OEM"" listings are near-universally FAKE cells in lookalike wrappers. Real aftermarket ~$50–70+, genuine new ~$100+ where still made; a used REAL OEM pull is often best value — check cycle count / wear on arrival.",,https://www.dell.com/support/home/en-us/product-support/product/latitude-13-3380-laptop/overview,,
dell,,3300,2017,13,13.3″,Intel 7th/8th gen,ddr4,DDR4 SODIMM,1× SODIMM,16 GB,,1,NVMe,,,,1,,,,,$55–95,Est. (calibrated to Jul 2026 sold data). Budget line — big off-lease supply keeps prices soft; plastics often show wear.,,Budget 13.3″. Win 11 only with the i5-8250U (8th-gen) option.,,"7.4mm barrel (big round tip) · 65W + USB-C PD|>Ports audited from Dell Setup & Specifications (2026-09-19): 65W barrel brick standard; Dell lists a Type-C adapter upsell for the same model → USB-C charging supported. 💡 Buying tip: used OEM bricks are $10–20 shipped on eBay — same price as 3rd-party, so just buy OEM.",internal,"Internal, base-off swap. Search ""3300 battery"". <span style=""color:#e5b567"">⚠</span> $20–35 ""genuine OEM"" listings are near-universally FAKE cells in lookalike wrappers. Real aftermarket ~$50–70+, genuine new ~$100+ where still made; a used REAL OEM pull is often best value — check cycle count / wear on arrival.",,https://www.dell.com/support/home/en-us/product-support/product/latitude-13-3300-laptop/overview,,
dell,,3310,2019,13,13.3″,Intel 8th gen (Whiskey Lake),ddr4,DDR4 SODIMM,1× SODIMM,16 GB,,1,NVMe,,,,1,,,,,$85–125,Est. (calibrated to Jul 2026 sold data). Budget line — big off-lease supply keeps prices soft; plastics often show wear.,,Budget 13.3″. Also a 3310 2-in-1.,,"7.4mm barrel (big round tip) · 65W · no USB-C charging|>Ports audited from Dell Setup & Specifications (2026-09-19): ""power adapter port: one 7.4 mm barrel""; 65W, connector 7.4mm; no PD listed — earlier ""USB-C or 4.5mm"" entry was wrong on both counts. 💡 Buying tip: used OEM bricks are $10–20 shipped on eBay — same price as 3rd-party, so just buy OEM. <span style=""color:#e5b567"">⚠</span> Basic phone USB-C chargers (5–20W) don't have enough power — you need a laptop-class 45–65W+ PD brick.",internal,"Internal, base-off swap. Search ""3310 battery"". <span style=""color:#e5b567"">⚠</span> $20–35 ""genuine OEM"" listings are near-universally FAKE cells in lookalike wrappers. Real aftermarket ~$50–70+, genuine new ~$100+ where still made; a used REAL OEM pull is often best value — check cycle count / wear on arrival.",,https://www.dell.com/support/home/en-us/product-support/product/latitude-13-3310-laptop/overview,,
dell,,3330,2022,13,13.3″,Intel 11th/12th gen,ddr4,LPDDR4x soldered,"soldered, no slots",16 GB,1,1,NVMe,,,,1,,,,,$150–230,Est. (calibrated to Jul 2026 sold data). Budget line — big off-lease supply keeps prices soft; plastics often show wear.,,Budget 13.3″; onboard RAM. Also a 3330 2-in-1.,,"Dell 4.5mm small barrel · 65W + USB-C PD|>Ports audited from Dell Setup & Specifications (2026-09-19): ""one DC-in port (4.5 mm standard plug / USB-C port)""; 65W 4.5mm or 65W USB-C (60W USB-C Japan). 💡 Buying tip: used OEM ~$10–20, but for USB-C any solid-brand PD charger (Anker etc.) is equally fine — the standard does the work. <span style=""color:#e5b567"">⚠</span> Basic phone USB-C chargers (5–20W) don't have enough power — you need a laptop-class 45–65W+ PD brick.",internal,"Internal, base-off swap. Search ""3330 battery"". <span style=""color:#e5b567"">⚠</span> $20–35 ""genuine OEM"" listings are near-universally FAKE cells in lookalike wrappers. Real aftermarket ~$50–70+, genuine new ~$100+ where still made; a used REAL OEM pull is often best value — check cycle count / wear on arrival.",,https://www.dell.com/support/home/en-us/product-support/product/latitude-13-3330-laptop/overview,,
dell,,5414 Rugged,2016,14,14″,Intel 6th gen (Skylake),ddr4,DDR4-2133 SODIMM,2× SODIMM,32 GB,,0,SATA,2,,2,,,,,removable drive caddy,$110–185,"Est. (calibrated to Jul 2026 sold data). Niche but sticky demand. Check touchscreen, handles, port covers; batteries pricey.",,"Rugged 14″ (MIL-STD-810G, IP-52).",,7.4mm barrel (big round tip) · 90W+|>Search: PA-10 (90W) / PA-4E (130W). Newer Rugged gens also accept USB-C PD. An undersized brick still runs the laptop but slow-charges or throttles — check the label before blaming the machine. 💡 Buying tip: 65/90W OEM bricks are $10–20 used; the 130W ones run more like $15–25 — still buy OEM.,removable (often 2 bays),"Rugged removable pack(s) — many take dual hot-swap batteries. Search ""5414 Rugged battery"".|>Rugged/XFR units frequently have two bays; check both. Big, expensive, model-specific. <span style=""color:#e5b567"">⚠</span> $20–35 ""genuine OEM"" listings are near-universally FAKE cells in lookalike wrappers. Real aftermarket ~$50–70+, genuine new ~$100+ where still made; a used REAL OEM pull is often best value — check cycle count / wear on arrival.",,https://www.dell.com/support/home/en-us/product-support/product/latitude-14-5414-laptop/overview,1,"Two DB9 serial ports.|>Source: Dell 5414 Owner's Manual port specs (""two DB9 pin serial ports"")."
dell,,5424 Rugged,2019,14,14″,Intel 8th gen (Whiskey Lake),ddr4,DDR4 SODIMM,2× SODIMM,64 GB,,1,NVMe,,,,1,,,,removable drive caddy,$200–325,"Est. (calibrated to Jul 2026 sold data). Niche but sticky demand. Check touchscreen, handles, port covers; batteries pricey.",,Rugged 14″ (≈5490 internals). The 2018 5420 Rugged is the same chassis (Intel-only) — searchable here.,5420 Rugged,"7.4mm barrel (big round tip) · 90W+ + USB-C PD via dock only|>Ports audited from Dell Setup & Specifications (2026-09-19): 90/130W through 7.4mm normal/elbow barrel; USB Type-C PD listed only ""via dock (NVDC charger)"" — do not count on bare USB-C charging. 💡 Buying tip: 65/90W OEM bricks are $10–20 used; the 130W ones run more like $15–25 — still buy OEM.",removable (often 2 bays),"Rugged removable pack(s) — many take dual hot-swap batteries. Search ""5424 Rugged battery"".|>Rugged/XFR units frequently have two bays; check both. Big, expensive, model-specific. <span style=""color:#e5b567"">⚠</span> $20–35 ""genuine OEM"" listings are near-universally FAKE cells in lookalike wrappers. Real aftermarket ~$50–70+, genuine new ~$100+ where still made; a used REAL OEM pull is often best value — check cycle count / wear on arrival.",,https://www.dell.com/support/home/en-us/product-support/product/latitude-14-5424-laptop/overview,1,"Legacy RS-232 DB9.|>Source: Dell 5424 / 5420 Rugged Setup & Specifications (""One legacy Serial RS-232 port"")."
dell,,5430 Rugged,2022,14,14″,Intel 11th gen (Tiger Lake),ddr4,DDR4-3200 SODIMM,2× SODIMM,64 GB,,1,NVMe,,,,1,,,,removable drive caddy,$400–610,"Est. (calibrated to Jul 2026 sold data). Niche but sticky demand. Check touchscreen, handles, port covers; batteries pricey.",,Rugged 14″. Distinct from the 5430 business laptop.,,"USB-C PD only · 90W|>Ports audited from Dell Setup & Specifications (2026-09-19): power-adapter port = one USB Type-C (+ optional second USB-C); 65/90W USB-C ""Pecos"" bricks. NO barrel jack. Config-verified 90W USB-C shipped (JYQ3FD3). 💡 Buying tip: 65/90W OEM bricks are $10–20 used; the 130W ones run more like $15–25 — still buy OEM.",removable (often 2 bays),"6JRCP 53.5Wh 3-cell — search 6JRCP|>Dual 53.5Wh 3-cell / 6JRCP, both bays. <span style=""color:#e5b567"">⚠</span> $20–35 ""genuine OEM"" listings are near-universally FAKE cells in lookalike wrappers. Real aftermarket ~$50–70+, genuine new ~$100+ where still made; a used REAL OEM pull is often best value — check cycle count / wear on arrival.",6JRCP,https://www.dell.com/support/home/en-us/product-support/product/latitude-14-5430-laptop/overview,1,Native RS-232; the optional I/O bay can add a second (non-native) serial.|>Source: Dell 5430 Rugged Setup & Specifications.
dell,,7414 Rugged Ext.,2016,14,14″,Intel 6th gen (Skylake),ddr4,DDR4-2133 SODIMM,2× SODIMM,32 GB,,0,SATA,1,,,,,,,removable drive caddy,$145–240,"Est. (calibrated to Jul 2026 sold data). Niche but sticky demand. Check touchscreen, handles, port covers; batteries pricey.",,"Rugged Extreme 14″ (MIL-STD-810G, IP-65).",,7.4mm barrel (big round tip) · 90W+|>Search: PA-10 (90W) / PA-4E (130W). Newer Rugged gens also accept USB-C PD. An undersized brick still runs the laptop but slow-charges or throttles — check the label before blaming the machine. 💡 Buying tip: 65/90W OEM bricks are $10–20 used; the 130W ones run more like $15–25 — still buy OEM.,removable (often 2 bays),"Rugged removable pack(s) — many take dual hot-swap batteries. Search ""7414 Rugged Ext. battery"".|>Rugged/XFR units frequently have two bays; check both. Big, expensive, model-specific. <span style=""color:#e5b567"">⚠</span> $20–35 ""genuine OEM"" listings are near-universally FAKE cells in lookalike wrappers. Real aftermarket ~$50–70+, genuine new ~$100+ where still made; a used REAL OEM pull is often best value — check cycle count / wear on arrival.",,https://www.dell.com/support/home/en-us/product-support/product/latitude-14-7414-laptop/overview,1,Two DB9 serial ports.|>Source: Dell 7414 Owner's Manual port specs.
dell,,7424 Rugged Ext.,2019,14,14″,Intel 8th gen (Whiskey Lake),ddr4,DDR4 SODIMM,2× SODIMM,64 GB,,1,NVMe,,,,1,,,,removable drive caddy,$255–405,"Est. (calibrated to Jul 2026 sold data). Niche but sticky demand. Check touchscreen, handles, port covers; batteries pricey.",,Rugged Extreme 14″.,,"7.4mm barrel (big round tip) · 90W+ + USB-C PD via dock only|>Ports audited from Dell Setup & Specifications (2026-09-19): 90/130W through 7.4mm normal/elbow barrel; USB Type-C PD listed only ""via dock (NVDC charger)"". 💡 Buying tip: 65/90W OEM bricks are $10–20 used; the 130W ones run more like $15–25 — still buy OEM.",removable (often 2 bays),"Rugged removable pack(s) — many take dual hot-swap batteries. Search ""7424 Rugged Ext. battery"".|>Rugged/XFR units frequently have two bays; check both. Big, expensive, model-specific. <span style=""color:#e5b567"">⚠</span> $20–35 ""genuine OEM"" listings are near-universally FAKE cells in lookalike wrappers. Real aftermarket ~$50–70+, genuine new ~$100+ where still made; a used REAL OEM pull is often best value — check cycle count / wear on arrival.",,https://www.dell.com/support/home/en-us/product-support/product/latitude-14-7424-laptop/overview,1,Legacy RS-232 DB9.|>Source: Dell 7424 Setup & Specifications.
dell,,7330 Rugged Ext.,2022,13,13.3″,Intel 11th gen (Tiger Lake),ddr4,DDR4-3200 SODIMM,2× SODIMM,32 GB,,1,NVMe,,,,1,,,,removable drive caddy,$440–685,"Est. (calibrated to Jul 2026 sold data). Niche but sticky demand. Check touchscreen, handles, port covers; batteries pricey.",,Rugged Extreme 13.3″. Distinct from the 7330 premium laptop.,,"USB-C PD only · 90W|>Ports audited from Dell Setup & Specifications (2026-09-19): power-adapter port = one USB Type-C; 65/90W USB-C. NO barrel jack — earlier ""7.4mm"" entry was wrong. 💡 Buying tip: 65/90W OEM bricks are $10–20 used; the 130W ones run more like $15–25 — still buy OEM.",removable (often 2 bays),"Rugged removable pack(s) — many take dual hot-swap batteries. Search ""7330 Rugged Ext. battery"".|>Rugged/XFR units frequently have two bays; check both. Big, expensive, model-specific. <span style=""color:#e5b567"">⚠</span> $20–35 ""genuine OEM"" listings are near-universally FAKE cells in lookalike wrappers. Real aftermarket ~$50–70+, genuine new ~$100+ where still made; a used REAL OEM pull is often best value — check cycle count / wear on arrival.",,https://www.dell.com/support/home/en-us/product-support/product/latitude-13-7330-laptop/overview,1,Native RS-232; the optional I/O bay can add a second (non-native) serial.|>Source: Dell 7330 Rugged Extreme Setup & Specifications.
dell,,E5400,2008,14,14.1″,Core 2 Duo (Penryn),ddr2,DDR2-800 SODIMM,2× SODIMM,8 GB,,0,SATA,1,,,,,,,,$30–65,Est. (calibrated to Jul 2026 sold data). i7 / FHD / backlit-KB configs top the range; battery health is the biggest swing. ⬆ Vintage market trends UP — clean/complete examples can sell well ABOVE this range.,,Value counterpart to the E6400.,,"7.4mm barrel (big round tip) · 65W|>Search: PA-12 / LA65NS2-01. Any 7.4mm Dell brick from ~2003–2020 fits; higher wattage than needed is always fine. 💡 Buying tip: used OEM bricks are $10–20 shipped on eBay — same price as 3rd-party, so just buy OEM.",removable,"Removable 6-cell. Search ""E5400 battery"" (D-family uses common packs).|>9-cell high-capacity options extend the rear. D620/D630 packs are plentiful. <span style=""color:#e5b567"">⚠</span> $20–35 ""genuine OEM"" listings are near-universally FAKE cells in lookalike wrappers. Real aftermarket ~$50–70+, genuine new ~$100+ where still made; a used REAL OEM pull is often best value — check cycle count / wear on arrival.",,https://www.dell.com/support/home/en-us/product-support/product/latitude-e5400/overview,0,"The 15″ E5500 has one; the 14″ E5400 does not. No native port — serial via the E-Port Plus dock (E-family docking connector).|>Source: Dell E5400/E5500 Setup guide (""serial connector (E5500 only)"")."
dell,,E5500,2008,15,15.4″,Core 2 Duo (Penryn),ddr2,DDR2-800 SODIMM,2× SODIMM,8 GB,,0,SATA,1,,,,,,,,$30–65,Est. (calibrated to Jul 2026 sold data). i7 / FHD / backlit-KB configs top the range; battery health is the biggest swing. ⬆ Vintage market trends UP — clean/complete examples can sell well ABOVE this range.,,Value counterpart to the E6500.,,7.4mm barrel (big round tip) · 90W+|>Base configs shipped 90W (PA-10 / LA90PM111); quad-core/dGPU builds came with 130W (PA-4E). An undersized brick still runs the laptop but slow-charges or throttles — check the label before blaming the machine. Any 7.4mm Dell brick from ~2003–2020 fits; higher wattage than needed is always fine. 💡 Buying tip: 65/90W OEM bricks are $10–20 used; the 130W ones run more like $15–25 — still buy OEM.,removable,"Removable 6-cell. Search ""E5500 battery"" (D-family uses common packs).|>9-cell high-capacity options extend the rear. D620/D630 packs are plentiful. <span style=""color:#e5b567"">⚠</span> $20–35 ""genuine OEM"" listings are near-universally FAKE cells in lookalike wrappers. Real aftermarket ~$50–70+, genuine new ~$100+ where still made; a used REAL OEM pull is often best value — check cycle count / wear on arrival.",,https://www.dell.com/support/home/en-us/product-support/product/latitude-e5500/overview,1,DB9 (E5500 only — not the E5400).|>Source: Dell E5400/E5500 Setup guide. Serial sits on a small daughterboard (DP/N F174C) — check it is present and the cable seated.
dell,,E5410,2010,14,14.1″,Intel 1st gen Core i (Arrandale),ddr3,DDR3-1333 SODIMM,2× SODIMM,8 GB,,0,SATA,1,,,,,,,,$30–55,Est. (calibrated to Jul 2026 sold data). i7 / FHD / backlit-KB configs top the range; battery health is the biggest swing.,,Value counterpart to the E6410.,,"7.4mm barrel (big round tip) · 65W|>Search: PA-12 / LA65NS2-01. Any 7.4mm Dell brick from ~2003–2020 fits; higher wattage than needed is always fine. 💡 Buying tip: used OEM bricks are $10–20 shipped on eBay — same price as 3rd-party, so just buy OEM.",removable,"Removable pack. Many E-series share T54FJ/others — search ""E5410 battery"".|>The E5430/E6430 era has enormous cheap supply; 9-cell options exist. <span style=""color:#e5b567"">⚠</span> $20–35 ""genuine OEM"" listings are near-universally FAKE cells in lookalike wrappers. Real aftermarket ~$50–70+, genuine new ~$100+ where still made; a used REAL OEM pull is often best value — check cycle count / wear on arrival.",,https://www.dell.com/support/home/en-us/product-support/product/latitude-e5410/overview,0,The 15″ E5510 has one; the 14″ E5410 does not. No native port — serial via the E-Port Plus dock (E-family docking connector).|>Source: Dell E5410/E5510 Setup guide.
dell,,E5510,2010,15,15.6″,Intel 1st gen Core i (Arrandale),ddr3,DDR3-1333 SODIMM,2× SODIMM,8 GB,,0,SATA,1,,,,,,,,$30–55,Est. (calibrated to Jul 2026 sold data). i7 / FHD / backlit-KB configs top the range; battery health is the biggest swing.,,Value counterpart to the E6510.,,7.4mm barrel (big round tip) · 90W+|>Base configs shipped 90W (PA-10 / LA90PM111); quad-core/dGPU builds came with 130W (PA-4E). An undersized brick still runs the laptop but slow-charges or throttles — check the label before blaming the machine. Any 7.4mm Dell brick from ~2003–2020 fits; higher wattage than needed is always fine. 💡 Buying tip: 65/90W OEM bricks are $10–20 used; the 130W ones run more like $15–25 — still buy OEM.,removable,"Removable pack. Many E-series share T54FJ/others — search ""E5510 battery"".|>The E5430/E6430 era has enormous cheap supply; 9-cell options exist. <span style=""color:#e5b567"">⚠</span> $20–35 ""genuine OEM"" listings are near-universally FAKE cells in lookalike wrappers. Real aftermarket ~$50–70+, genuine new ~$100+ where still made; a used REAL OEM pull is often best value — check cycle count / wear on arrival.",,https://www.dell.com/support/home/en-us/product-support/product/latitude-e5510/overview,1,DB9 (E5510 only — not the E5410).|>Source: Dell E5410/E5510 Setup guide.
dell,,E5420,2011,14,14″,Intel 2nd gen (Sandy Bridge),ddr3,DDR3-1333 SODIMM,2× SODIMM,16 GB (official 8),,0,SATA,1,,,,,,,,$35–65,Est. (calibrated to Jul 2026 sold data). Huge fleet supply keeps prices soft; discrete-GPU variants run slightly higher.,,Value counterpart to the E6420 — one of the most common used Latitudes on the market.,,"7.4mm barrel (big round tip) · 65W|>Search: PA-12 / LA65NS2-01. Any 7.4mm Dell brick from ~2003–2020 fits; higher wattage than needed is always fine. 💡 Buying tip: used OEM bricks are $10–20 shipped on eBay — same price as 3rd-party, so just buy OEM.",removable,"T54FJ 60Wh 6-cell — search T54FJ|>Legendary shared pack: fits E5420/E5520/E5430/E5530/E6420/E6520/E6430/E6530/E6440/E6540. Ocean of cheap supply; 9-cell options exist. <span style=""color:#e5b567"">⚠</span> $20–35 ""genuine OEM"" listings are near-universally FAKE cells in lookalike wrappers. Real aftermarket ~$50–70+, genuine new ~$100+ where still made; a used REAL OEM pull is often best value — check cycle count / wear on arrival.",T54FJ,https://www.dell.com/support/home/en-us/product-support/product/latitude-e5420/overview,0,No native port — serial via the E-Port Plus dock (E-family docking connector).|>Source: Dell E5420/E5520 Setup guide callouts.
dell,,E5520,2011,15,15.6″,Intel 2nd gen (Sandy Bridge),ddr3,DDR3-1333 SODIMM,2× SODIMM,16 GB (official 8),,0,SATA,1,,,,,,,,$35–65,Est. (calibrated to Jul 2026 sold data). Huge fleet supply keeps prices soft; discrete-GPU variants run slightly higher.,,Value counterpart to the E6520.,,7.4mm barrel (big round tip) · 90W+|>Base configs shipped 90W (PA-10 / LA90PM111); quad-core/dGPU builds came with 130W (PA-4E). An undersized brick still runs the laptop but slow-charges or throttles — check the label before blaming the machine. Any 7.4mm Dell brick from ~2003–2020 fits; higher wattage than needed is always fine. 💡 Buying tip: 65/90W OEM bricks are $10–20 used; the 130W ones run more like $15–25 — still buy OEM.,removable,"T54FJ 60Wh 6-cell — search T54FJ|>Legendary shared pack: fits E5420/E5520/E5430/E5530/E6420/E6520/E6430/E6530/E6440/E6540. Ocean of cheap supply; 9-cell options exist. <span style=""color:#e5b567"">⚠</span> $20–35 ""genuine OEM"" listings are near-universally FAKE cells in lookalike wrappers. Real aftermarket ~$50–70+, genuine new ~$100+ where still made; a used REAL OEM pull is often best value — check cycle count / wear on arrival.",T54FJ,https://www.dell.com/support/home/en-us/product-support/product/latitude-e5520/overview,0,No native port — serial via the E-Port Plus dock (E-family docking connector).|>Source: Dell E5420/E5520 Setup guide callouts.
dell,,E5430,2012,14,14″,Intel 3rd gen (Ivy Bridge),ddr3,DDR3-1600 SODIMM,2× SODIMM,16 GB,,0,SATA,1,,,,,,,,$40–70,Est. (calibrated to Jul 2026 sold data). Huge fleet supply keeps prices soft; discrete-GPU variants run slightly higher.,,Value counterpart to the E6430 — very common on the used market.,,"7.4mm barrel (big round tip) · 65W|>Search: PA-12 / LA65NS2-01. Any 7.4mm Dell brick from ~2003–2020 fits; higher wattage than needed is always fine. 💡 Buying tip: used OEM bricks are $10–20 shipped on eBay — same price as 3rd-party, so just buy OEM.",removable,"T54FJ 60Wh 6-cell — search T54FJ|>Legendary shared pack: fits E5420/E5520/E5430/E5530/E6420/E6520/E6430/E6530/E6440/E6540. Ocean of cheap supply; 9-cell options exist. <span style=""color:#e5b567"">⚠</span> $20–35 ""genuine OEM"" listings are near-universally FAKE cells in lookalike wrappers. Real aftermarket ~$50–70+, genuine new ~$100+ where still made; a used REAL OEM pull is often best value — check cycle count / wear on arrival.",T54FJ,https://www.dell.com/support/home/en-us/product-support/product/latitude-e5430/overview,0,No native port - serial via the E-Port Plus dock (E-family docking connector).|>Source: Dell E5430 UK spec sheet.
dell,,E5530,2012,15,15.6″,Intel 3rd gen (Ivy Bridge),ddr3,DDR3-1600 SODIMM,2× SODIMM,16 GB,,0,SATA,1,,,,,,,,$40–70,Est. (calibrated to Jul 2026 sold data). Huge fleet supply keeps prices soft; discrete-GPU variants run slightly higher.,,Value counterpart to the E6530.,,7.4mm barrel (big round tip) · 90W+|>Base configs shipped 90W (PA-10 / LA90PM111); quad-core/dGPU builds came with 130W (PA-4E). An undersized brick still runs the laptop but slow-charges or throttles — check the label before blaming the machine. Any 7.4mm Dell brick from ~2003–2020 fits; higher wattage than needed is always fine. 💡 Buying tip: 65/90W OEM bricks are $10–20 used; the 130W ones run more like $15–25 — still buy OEM.,removable,"T54FJ 60Wh 6-cell — search T54FJ|>Legendary shared pack: fits E5420/E5520/E5430/E5530/E6420/E6520/E6430/E6530/E6440/E6540. Ocean of cheap supply; 9-cell options exist. <span style=""color:#e5b567"">⚠</span> $20–35 ""genuine OEM"" listings are near-universally FAKE cells in lookalike wrappers. Real aftermarket ~$50–70+, genuine new ~$100+ where still made; a used REAL OEM pull is often best value — check cycle count / wear on arrival.",T54FJ,https://www.dell.com/support/home/en-us/product-support/product/latitude-e5530/overview,,Native serial unverified. Dock route: the E-Port Plus replicator (E-family docking connector) has a DB9.|>Source for the dock: Dell E-Port Plus User's Guide (serial + parallel on the back).
dell,,E5440,2013,14,14″,Intel 4th gen (Haswell),ddr3,DDR3L-1600 SODIMM,2× SODIMM,16 GB,,0,SATA,2,,2,,,,,7 mm bay,$50–85,Est. (calibrated to Jul 2026 sold data). Huge fleet supply keeps prices soft; discrete-GPU variants run slightly higher.,,Value counterpart to the E6440.,,"7.4mm barrel (big round tip) · 65W|>Search: PA-12 / LA65NS2-01. Any 7.4mm Dell brick from ~2003–2020 fits; higher wattage than needed is always fine. 💡 Buying tip: used OEM bricks are $10–20 shipped on eBay — same price as 3rd-party, so just buy OEM.",removable,"M7T5F 65Wh 6-cell — search M7T5F|>65Wh 6-cell removable. <span style=""color:#e5b567"">⚠</span> $20–35 ""genuine OEM"" listings are near-universally FAKE cells in lookalike wrappers. Real aftermarket ~$50–70+, genuine new ~$100+ where still made; a used REAL OEM pull is often best value — check cycle count / wear on arrival.",M7T5F,https://www.dell.com/support/home/en-us/product-support/product/latitude-e5440-laptop/overview,,Native serial unverified. Dock route: the E-Port Plus replicator (E-family docking connector) has a DB9.|>Source for the dock: Dell E-Port Plus User's Guide (serial + parallel on the back).
dell,,E5540,2013,15,15.6″,Intel 4th gen (Haswell),ddr3,DDR3L-1600 SODIMM,2× SODIMM,16 GB,,0,SATA,2,,2,,,,,,$50–85,Est. (calibrated to Jul 2026 sold data). Huge fleet supply keeps prices soft; discrete-GPU variants run slightly higher.,,Value counterpart to the E6540.,,7.4mm barrel (big round tip) · 90W+|>Base configs shipped 90W (PA-10 / LA90PM111); quad-core/dGPU builds came with 130W (PA-4E). An undersized brick still runs the laptop but slow-charges or throttles — check the label before blaming the machine. Any 7.4mm Dell brick from ~2003–2020 fits; higher wattage than needed is always fine. 💡 Buying tip: 65/90W OEM bricks are $10–20 used; the 130W ones run more like $15–25 — still buy OEM.,removable,"Removable pack. Many E-series share T54FJ/others — search ""E5540 battery"".|>The E5430/E6430 era has enormous cheap supply; 9-cell options exist. <span style=""color:#e5b567"">⚠</span> $20–35 ""genuine OEM"" listings are near-universally FAKE cells in lookalike wrappers. Real aftermarket ~$50–70+, genuine new ~$100+ where still made; a used REAL OEM pull is often best value — check cycle count / wear on arrival.",,https://www.dell.com/support/home/en-us/product-support/product/latitude-e5540-laptop/overview,,Native serial unverified. Dock route: the E-Port Plus replicator (E-family docking connector) has a DB9.|>Source for the dock: Dell E-Port Plus User's Guide (serial + parallel on the back).
dell,,E5250,2015,12,12.5″,Intel 5th gen (Broadwell),ddr3,DDR3L-1600 SODIMM,2× SODIMM,16 GB,,0,SATA,2,,2,,,,,7 mm bay,$55–95,Est. (calibrated to Jul 2026 sold data). i7 / FHD / backlit-KB configs top the range; battery health is the biggest swing.,,,,"7.4mm barrel (big round tip) · 65W|>Search: PA-12 / LA65NS2-01. Any 7.4mm Dell brick from ~2003–2020 fits; higher wattage than needed is always fine. 💡 Buying tip: used OEM bricks are $10–20 shipped on eBay — same price as 3rd-party, so just buy OEM.",removable,"Removable pack. Many E-series share T54FJ/others — search ""E5250 battery"".|>The E5430/E6430 era has enormous cheap supply; 9-cell options exist. <span style=""color:#e5b567"">⚠</span> $20–35 ""genuine OEM"" listings are near-universally FAKE cells in lookalike wrappers. Real aftermarket ~$50–70+, genuine new ~$100+ where still made; a used REAL OEM pull is often best value — check cycle count / wear on arrival.",,https://www.dell.com/support/home/en-us/product-support/product/latitude-e5250-laptop/overview,,
dell,,E5270,2016,12,12.5″,Intel 6th gen (Skylake),ddr4,DDR4-2133 SODIMM,2× SODIMM,16 GB,,0,SATA/NVMe,2,,2,2,,,,,$65–105,Est. (calibrated to Jul 2026 sold data). i7 / FHD / backlit-KB configs top the range; battery health is the biggest swing.,,,,"7.4mm barrel (big round tip) · 65W|>Search: PA-12 / LA65NS2-01. USB-C PD charging also works on most of these configs — either connector is fine. Any 7.4mm Dell brick from ~2003–2020 fits; higher wattage than needed is always fine. 💡 Buying tip: used OEM bricks are $10–20 shipped on eBay — same price as 3rd-party, so just buy OEM.",internal,"Internal, base-off swap. Search ""E5270 battery"". <span style=""color:#e5b567"">⚠</span> $20–35 ""genuine OEM"" listings are near-universally FAKE cells in lookalike wrappers. Real aftermarket ~$50–70+, genuine new ~$100+ where still made; a used REAL OEM pull is often best value — check cycle count / wear on arrival.",,https://www.dell.com/support/home/en-us/product-support/product/latitude-e5270-laptop/overview,,
dell,,5280,2017,12,12.5″,Intel 7th gen (Kaby Lake),ddr4,DDR4-2133 SODIMM,2× SODIMM,16 GB,,0,SATA/NVMe,,,1,1,,,,,$70–115,Est. (calibrated to Jul 2026 sold data). i7 / FHD / backlit-KB configs top the range; battery health is the biggest swing.,,A separate '5285' 2-in-1 detachable (distinct model number) also exists.,,"7.4mm barrel (big round tip) · 65W · no USB-C charging|>Ports audited from Dell Setup & Specifications (2026-09-19): ""65W, adapter size 7.4mm""; no PD/Thunderbolt in the ports table. 💡 Buying tip: used OEM bricks are $10–20 shipped on eBay — same price as 3rd-party, so just buy OEM.",internal,"GJKNX 68Wh — search GJKNX|>Shared 5000-series pack: fits 5280/5290/5480/5580/5490/5590/5400/5410/5500/5510 (51Wh siblings 1VX15/93FTF exist — check yours before ordering). <span style=""color:#e5b567"">⚠</span> $20–35 ""genuine OEM"" listings are near-universally FAKE cells in lookalike wrappers. Real aftermarket ~$50–70+, genuine new ~$100+ where still made; a used REAL OEM pull is often best value — check cycle count / wear on arrival.",GJKNX,https://www.dell.com/support/home/en-us/product-support/product/latitude-12-5280-laptop/overview,,
dell,,5290,2018,12,12.5″,Intel 8th gen (Kaby Lake R),ddr4,DDR4-2400 SODIMM,2× SODIMM,32 GB,,1,NVMe,,,,1,,,,,$90–135,Est. (calibrated to Jul 2026 sold data). i7 / FHD / backlit-KB configs top the range; battery health is the biggest swing.,,A separate '5290 2-in-1' detachable (distinct model) also exists.,,"7.4mm barrel (big round tip) · 65W · no USB-C charging|>Ports audited from Dell Setup & Specifications (2026-09-19): ""65W/90W adapter, 7.4 mm barrel""; no PD/Thunderbolt in the ports table. 💡 Buying tip: used OEM bricks are $10–20 shipped on eBay — same price as 3rd-party, so just buy OEM.",internal,"GJKNX 68Wh 4-cell — search GJKNX|>Shared 5000-series pack: fits 5280/5290/5480/5580/5490/5590/5400/5410/5500/5510 (multi-config: 68Wh 4-cell (GJKNX family; BOM alts DV9NT/MT31P/GD1JP) and 51Wh 3-cell (D4CMT/DJWGP) — check yours before ordering). <span style=""color:#e5b567"">⚠</span> $20–35 ""genuine OEM"" listings are near-universally FAKE cells in lookalike wrappers. Real aftermarket ~$50–70+, genuine new ~$100+ where still made; a used REAL OEM pull is often best value — check cycle count / wear on arrival.",GJKNX,https://www.dell.com/support/home/en-us/product-support/product/latitude-12-5290-laptop/overview,,
dell,,D531,2007,15,15.4″,AMD Turion 64 X2 / Sempron,ddr2,DDR2-533/667 SODIMM,2× SODIMM,4 GB,,0,SATA,1,,,,,,,,$35–70,Est. (calibrated to Jul 2026 sold data). Retro/collector market — value is condition-driven; working batteries rare. ⬆ Vintage market trends UP — clean/complete examples can sell well ABOVE this range.,,AMD counterpart to the D620/D820-era Latitudes; also offered in a 14.1″ configuration.,,7.4mm barrel (big round tip) · 90W+|>Base configs shipped 90W (PA-10 / LA90PM111); quad-core/dGPU builds came with 130W (PA-4E). An undersized brick still runs the laptop but slow-charges or throttles — check the label before blaming the machine. Any 7.4mm Dell brick from ~2003–2020 fits; higher wattage than needed is always fine. 💡 Buying tip: 65/90W OEM bricks are $10–20 used; the 130W ones run more like $15–25 — still buy OEM.,removable,"Removable 6-cell. Search ""D531 battery"" (D-family uses common packs).|>9-cell high-capacity options extend the rear. D620/D630 packs are plentiful. <span style=""color:#e5b567"">⚠</span> $20–35 ""genuine OEM"" listings are near-universally FAKE cells in lookalike wrappers. Real aftermarket ~$50–70+, genuine new ~$100+ where still made; a used REAL OEM pull is often best value — check cycle count / wear on arrival.",,https://www.dell.com/support/home/en-us/product-support/product/latitude-d531/overview,1,Rear DB9.|>Source: Dell User's Guide back-view callouts.
dell,,D631,2007,14,14.1″,AMD Turion 64 X2,ddr2,DDR2-667 SODIMM,2× SODIMM,4 GB,,0,SATA,1,,,,,,,,$35–70,Est. (calibrated to Jul 2026 sold data). Retro/collector market — value is condition-driven; working batteries rare. ⬆ Vintage market trends UP — clean/complete examples can sell well ABOVE this range.,,AMD counterpart to the D630.,,"7.4mm barrel (big round tip) · 65W|>Search: PA-12 / LA65NS2-01. Any 7.4mm Dell brick from ~2003–2020 fits; higher wattage than needed is always fine. 💡 Buying tip: used OEM bricks are $10–20 shipped on eBay — same price as 3rd-party, so just buy OEM.",removable,"Removable 6-cell. Search ""D631 battery"" (D-family uses common packs).|>9-cell high-capacity options extend the rear. D620/D630 packs are plentiful. <span style=""color:#e5b567"">⚠</span> $20–35 ""genuine OEM"" listings are near-universally FAKE cells in lookalike wrappers. Real aftermarket ~$50–70+, genuine new ~$100+ where still made; a used REAL OEM pull is often best value — check cycle count / wear on arrival.",,https://www.dell.com/support/home/en-us/product-support/product/latitude-d631/overview,1,Rear DB9.|>Source: Dell User's Guide back-view callouts.
dell,,D530,2007,14,15″,"Core 2 Duo (Merom, T7250)",ddr2,DDR2-533 SODIMM,2× SODIMM,4 GB,,0,SATA,1,,,,,,,,$35–70,Est. (calibrated to Jul 2026 sold data). Retro/collector market — value is condition-driven; working batteries rare. ⬆ Vintage market trends UP — clean/complete examples can sell well ABOVE this range.,,Last 4:3-display Latitude; direct successor to the D520.,,7.4mm barrel (big round tip) · 90W+|>Base configs shipped 90W (PA-10 / LA90PM111); quad-core/dGPU builds came with 130W (PA-4E). An undersized brick still runs the laptop but slow-charges or throttles — check the label before blaming the machine. Any 7.4mm Dell brick from ~2003–2020 fits; higher wattage than needed is always fine. 💡 Buying tip: 65/90W OEM bricks are $10–20 used; the 130W ones run more like $15–25 — still buy OEM.,removable,"Removable 6-cell. Search ""D530 battery"" (D-family uses common packs).|>9-cell high-capacity options extend the rear. D620/D630 packs are plentiful. <span style=""color:#e5b567"">⚠</span> $20–35 ""genuine OEM"" listings are near-universally FAKE cells in lookalike wrappers. Real aftermarket ~$50–70+, genuine new ~$100+ where still made; a used REAL OEM pull is often best value — check cycle count / wear on arrival.",,https://www.dell.com/support/home/en-us/product-support/product/latitude-d530/overview,1,Rear DB9.|>Source: Dell User's Guide back-view callouts.
dell,,C610,2001,14,14.1″,Pentium III-M (Tualatin),sdr,PC133 SDRAM SODIMM,2× SODIMM,512 MB,,0,IDE,,,,,1,,,,$25–50,Est. (calibrated to Jul 2026 sold data). Retro/collector market — value is condition-driven; working batteries rare. ⬆ Vintage market trends UP — clean/complete examples can sell well ABOVE this range.,,Successor to the C600; predates the D-series naming.,,"legacy Dell barrel · ~70W|>Pre-D-series family — search ""Dell PA-9"". Spares less common than the later 7.4mm standard. 💡 Buying tip: OEM preferred; this older family is scarcer, so prices vary more.",removable,Removable Li-ion (C-series era). Cells need rebuilding at this age.|>Genuine packs long gone; buy for completeness not runtime.,,https://www.dell.com/support/home/en-us/product-support/product/latitude-c610/overview,1,Rear DB9 (with parallel + PS/2).|>Source: Dell User's Guide back-view callouts.
dell,,C810,2001,15,15″,Pentium III-M (Tualatin),sdr,PC133 SDRAM SODIMM,2× SODIMM,512 MB,,0,IDE,,,,,1,,,,$25–50,Est. (calibrated to Jul 2026 sold data). Retro/collector market — value is condition-driven; working batteries rare. ⬆ Vintage market trends UP — clean/complete examples can sell well ABOVE this range.,,High-end desktop-replacement 'three-spindle' design; successor to the C800.,,"legacy Dell barrel · ~70W|>Pre-D-series family — search ""Dell PA-9"". Spares less common than the later 7.4mm standard. 💡 Buying tip: OEM preferred; this older family is scarcer, so prices vary more.",removable,Removable Li-ion (C-series era). Cells need rebuilding at this age.|>Genuine packs long gone; buy for completeness not runtime.,,https://www.dell.com/support/home/en-us/product-support/product/latitude-c810/overview,1,Rear DB9.|>Source: Dell User's Guide back-view callouts.
dell,,C840,2002,15,15″,Pentium 4-M,ddr1,DDR-266 SODIMM,2× SODIMM,2 GB,,0,IDE,,,,,1,,,,$25–50,Est. (calibrated to Jul 2026 sold data). Retro/collector market — value is condition-driven; working batteries rare. ⬆ Vintage market trends UP — clean/complete examples can sell well ABOVE this range.,,Successor to the C810; last fixed-optical-drive 'three-spindle' Latitude.,,"legacy Dell barrel · ~70W|>Pre-D-series family — search ""Dell PA-9"". Spares less common than the later 7.4mm standard. 💡 Buying tip: OEM preferred; this older family is scarcer, so prices vary more.",removable,Removable Li-ion (C-series era). Cells need rebuilding at this age.|>Genuine packs long gone; buy for completeness not runtime.,,https://www.dell.com/support/home/en-us/product-support/product/latitude-c840/overview,1,Rear DB9.|>Source: Dell User's Guide back-view callouts.
dell,,5455,2024,14,14″,Qualcomm Snapdragon X Plus (ARM) · Copilot+,ddr5,LPDDR5x-8448 soldered,"soldered, no slots",16 GB,1,1,NVMe,,,,1,,,2230,"short 2230 drives only, PCIe Gen 4",$290–415,Est. (calibrated to Jul 2026 sold data). ARM discount — buyers fear x86 app compatibility; battery life is stellar.,,First ARM mainstream Latitude. Windows on ARM: some x86 apps/dev tools run emulated or not at all — check your workflow first.,Snapdragon ARM,"USB-C PD · 65W|>Any USB-C PD brick ≥65W works — ARM models sip power, even 45W is usually fine. 💡 Buying tip: used OEM ~$10–20, but for USB-C any solid-brand PD charger (Anker etc.) is equally fine — the standard does the work. <span style=""color:#e5b567"">⚠</span> Basic phone USB-C chargers (5–20W) don't have enough power — you need a laptop-class 45–65W+ PD brick.",internal,"Internal, base-off swap. Search ""5455 battery"". <span style=""color:#e5b567"">⚠</span> $20–35 ""genuine OEM"" listings are near-universally FAKE cells in lookalike wrappers. Real aftermarket ~$50–70+, genuine new ~$100+ where still made; a used REAL OEM pull is often best value — check cycle count / wear on arrival.",,https://www.dell.com/support/home/en-us/product-support/product/latitude-14-5455-laptop/overview,,
dell,,7455,2024,14,14″,Qualcomm Snapdragon X Elite / X Plus (ARM) · Copilot+,ddr5,LPDDR5x-8448 soldered,"soldered, no slots",32 GB,1,1,NVMe,,,,1,,,2230,"short 2230 drives only, PCIe Gen 4",$325–465,Est. (calibrated to Jul 2026 sold data). ARM discount vs the Intel 7450; QHD+ panel option holds value best.,,"Premium ARM Latitude (QHD+, Wi-Fi 7). Same Windows-on-ARM caveats as the 5455.",Snapdragon ARM,"USB-C PD · 65W|>Any USB-C PD brick ≥65W works — ARM models sip power, even 45W is usually fine. 💡 Buying tip: used OEM ~$10–20, but for USB-C any solid-brand PD charger (Anker etc.) is equally fine — the standard does the work. <span style=""color:#e5b567"">⚠</span> Basic phone USB-C chargers (5–20W) don't have enough power — you need a laptop-class 45–65W+ PD brick.",internal,"Internal, base-off swap. Search ""7455 battery"". <span style=""color:#e5b567"">⚠</span> $20–35 ""genuine OEM"" listings are near-universally FAKE cells in lookalike wrappers. Real aftermarket ~$50–70+, genuine new ~$100+ where still made; a used REAL OEM pull is often best value — check cycle count / wear on arrival.",,https://www.dell.com/support/home/en-us/product-support/product/latitude-14-7455-laptop/overview,,
dell,,3150 / 3160 / 3180 / 3190,2017,12,11.6″,Celeron/Pentium N (Braswell→Gemini Lake),ddr4,DDR3L SODIMM (3150/3160) → DDR4 soldered (3180 on),1× SODIMM early; soldered from 3180,8 GB (most shipped 4),,,eMMC/SATA,2,,2,,,1,,,$25–60,Est. (calibrated to Jul 2026 sold data). Education fleet — school auctions dump them in waves; condition varies wildly (kid-proofing was the point).,,"11.6″ education Latitude dynasty, 2015–18. 3189/3190 2-in-1 variants. No Win 11 on any of them. Only 3150/3160 have a real RAM slot.",3150 3160 3180 3189 3190 2-in-1 education,"7.4mm barrel (big round tip) · 65W · no USB-C charging (3190 verified)|>Ports audited from Dell Setup & Specifications (2026-09-19): 3190 manual: ""65W adapter, adapter size 7.4 mm barrel"", no PD. Earlier 31x0 siblings not individually verified. 💡 Used OEM ~$8–15.",internal,"Internal, base-off swap. Search ""3150 / 3160 / 3180 / 3190 battery"". <span style=""color:#e5b567"">⚠</span> $20–35 ""genuine OEM"" listings are near-universally FAKE cells in lookalike wrappers. Real aftermarket ~$50–70+, genuine new ~$100+ where still made; a used REAL OEM pull is often best value — check cycle count / wear on arrival.",,https://www.dell.com/support/home/en-us/product-support/product/latitude-11-3190-laptop/overview,,
dell,,3120,2021,12,11.6″,Celeron N4500 / N5100 (Jasper Lake),ddr4,LPDDR4x-2933 soldered,"soldered, no slots",8 GB (most 4),1,1,eMMC/NVMe,,,,2,,2,2230,short 2230 drives,$60–100,Est. (calibrated to Jul 2026 sold data). Pandemic-era school fleet — millions made.,,Win 11 eligible. 2-in-1 variant exists.,3120 2-in-1 education,"7.4mm barrel (big round tip) · 65W + USB-C PD (Pentium configs only)|>Ports audited from Dell Setup & Specifications (2026-09-19): ""one 7.4 mm barrel-type"" + ""one USB Type-C with Power Delivery (Pentium only)""; Celeron units charge by barrel only. 7.40 x 5.10mm plug. <span style=""color:#e5b567"">⚠</span> Basic phone USB-C chargers (5–20W) are not enough.",internal,"Internal, base-off swap. Search ""3120 battery"". <span style=""color:#e5b567"">⚠</span> $20–35 ""genuine OEM"" listings are near-universally FAKE cells in lookalike wrappers. Real aftermarket ~$50–70+, genuine new ~$100+ where still made; a used REAL OEM pull is often best value — check cycle count / wear on arrival.",,https://www.dell.com/support/home/en-us/product-support/product/latitude-11-3120-2-in-1-laptop/overview,,
dell,,3140,2023,12,11.6″,Intel N100 / N200 (Alder Lake-N),ddr5,LPDDR5X-4800 soldered,"soldered, no slots",8 GB (base 4),1,1,eMMC/NVMe,,,,2,,2,2230,short 2230 drives,$99–222,"Real eBay sold IQR, Jul 2026 (n=32, median $165). Surprisingly capable — N100 ≈ old i5-7200U at 6W.",,"Current education Latitude, 2-in-1 variant exists. 8GB config strongly preferred — soldered forever. 🔬 Field-tested: Speedometer 3.1 = 9.46, WebXPRT 5 = 44 (8GB, fresh Win11) — ties a 2016 EliteBook 840 G3 i7 at 6W. Fine for everyday web.",3140 2-in-1 education N100 N200,"7.4mm barrel (big round tip) · 45W — OR USB-C|>🔬 Owner-verified: 2024 3140 shipped with a 7.4mm BARREL brick (modern small 45W housing, same tip as 2010-era, but NO lit ring at the plug — the dark tip is normal, not a dead charger), NOT USB-C — Dell keeps the barrel for school charging-cart compatibility. USB-C port ALSO charges (any 45W+ PD brick). So either works; the box may contain either. <span style=""color:#e5b567"">⚠</span> Basic phone USB-C chargers (5–20W) are not enough.",internal,Standard: 3-cell 40Wh (search JK6Y6). Same battery family as Inspiron 7300/Vostro 5300 — a 4-cell ~53Wh sibling fits; some units carry it (owner-verified via HWiNFO). Real-world: ~7–8h on 40Wh; 53Wh owner-measured 10+ hrs mixed use.,,https://www.dell.com/support/home/en-us/product-support/product/latitude-11-3140-2-in-1-laptop/overview,,
dell,,5404 Rugged,2014,14,14″,Intel 4th gen (Haswell),ddr3,DDR3L-1600 SODIMM,2× SODIMM,16 GB,,0,SATA,1,,,,,,,removable drive caddy,,,,Rugged 14″ (MIL-STD-810G). No eBay price data yet.,,7.4mm barrel (big round tip) · 65–90W|>Connector inferred from the 5414/7414 rugged siblings — not audited against this model's manual. 💡 Buying tip: 65/90W OEM bricks are $10–20 used — buy OEM.,removable (often 2 bays),"Rugged removable pack(s) — many take dual hot-swap batteries. Search ""5404 Rugged battery"".|>Rugged/XFR units frequently have two bays; check both. Big, expensive, model-specific. <span style=""color:#e5b567"">⚠</span> $20–35 ""genuine OEM"" listings are near-universally FAKE cells in lookalike wrappers. Real aftermarket ~$50–70+, genuine new ~$100+ where still made; a used REAL OEM pull is often best value — check cycle count / wear on arrival.",,,1,"DB9; a second serial was a factory option.|>Source: Dell 5404 Owner's Manual (""one DB9 serial connector (second optional)"")."
dell,,7404 Rugged Ext.,2014,14,14″,Intel 4th gen (Haswell),ddr3,DDR3L-1600 SODIMM,2× SODIMM,16 GB,,0,SATA,1,,,,,,,removable drive caddy,,,,Rugged Extreme 14″. No eBay price data yet.,,7.4mm barrel (big round tip) · 65–90W|>Connector inferred from the 5414/7414 rugged siblings — not audited against this model's manual. 💡 Buying tip: 65/90W OEM bricks are $10–20 used — buy OEM.,removable (often 2 bays),"Rugged removable pack(s) — many take dual hot-swap batteries. Search ""7404 Rugged battery"".|>Rugged/XFR units frequently have two bays; check both. Big, expensive, model-specific. <span style=""color:#e5b567"">⚠</span> $20–35 ""genuine OEM"" listings are near-universally FAKE cells in lookalike wrappers. Real aftermarket ~$50–70+, genuine new ~$100+ where still made; a used REAL OEM pull is often best value — check cycle count / wear on arrival.",,,1,"Two DB9 serial ports.|>Source: Dell 7404 Getting Started Guide (""two DB9 pin serial connectors"")."
dell,,7204 Rugged Ext.,2014,12,11.6″,Intel 4th gen U (Haswell),ddr3,DDR3L-1600 SODIMM,2× SODIMM,16 GB,,0,mSATA,,1,,,,,,,,,,Rugged Extreme 11.6″ convertible. No eBay price data yet.,,,removable (often 2 bays),"Rugged removable pack(s) — many take dual hot-swap batteries. Search ""7204 Rugged battery"".|>Rugged/XFR units frequently have two bays; check both. Big, expensive, model-specific. <span style=""color:#e5b567"">⚠</span> $20–35 ""genuine OEM"" listings are near-universally FAKE cells in lookalike wrappers. Real aftermarket ~$50–70+, genuine new ~$100+ where still made; a used REAL OEM pull is often best value — check cycle count / wear on arrival.",,,1,"Native DB9 (not USB-emulated).|>Source: ruggedpcreview spec table (""1 x RS232 (native)"")."
dell,,7214 Rugged Ext.,2016,12,11.6″,Intel 6th gen U (Skylake),ddr4,DDR4-2133 SODIMM,2× SODIMM,32 GB,,0,SATA,,,1,,,,,,,,,Rugged Extreme 11.6″ convertible. No eBay price data yet.,,,removable (often 2 bays),"Rugged removable pack(s) — many take dual hot-swap batteries. Search ""7214 Rugged battery"".|>Rugged/XFR units frequently have two bays; check both. Big, expensive, model-specific. <span style=""color:#e5b567"">⚠</span> $20–35 ""genuine OEM"" listings are near-universally FAKE cells in lookalike wrappers. Real aftermarket ~$50–70+, genuine new ~$100+ where still made; a used REAL OEM pull is often best value — check cycle count / wear on arrival.",,,1,"Native DB9.|>Source: Dell 7214 Setup guide port specs (""one DB9 pin serial port"")."
dell,,7202 Rugged Tab.,2015,12,11.6″,Intel Core M (Broadwell-Y),ddr3,LPDDR3-1600,"soldered, no slots",8 GB,1,0,SATA,,,1,,,,,,,,,"Rugged tablet, 11.6″. No eBay price data yet.",7202 Rugged Tablet,,removable (often 2 bays),"Rugged removable pack(s) — many take dual hot-swap batteries. Search ""7202 Rugged battery"".|>Rugged/XFR units frequently have two bays; check both. Big, expensive, model-specific. <span style=""color:#e5b567"">⚠</span> $20–35 ""genuine OEM"" listings are near-universally FAKE cells in lookalike wrappers. Real aftermarket ~$50–70+, genuine new ~$100+ where still made; a used REAL OEM pull is often best value — check cycle count / wear on arrival.",,,1,"Micro-serial connector — needs Dell's micro-serial→DB9 cable (492-BBRL).|>Source: Dell 7202 User's Guide specs (""one micro serial connector"")."
dell,,7212 Rugged Tab.,2016,12,11.6″,Intel 7th / 8th gen U,ddr3,LPDDR3-1866,"soldered, no slots",16 GB,1,0,NVMe,,,1,1,,,,,,,,"Rugged Extreme tablet, 11.6″. 8th-gen configs are Win 11 eligible. No eBay price data yet.",7212 Rugged Extreme Tablet,,removable (often 2 bays),"Rugged removable pack(s) — many take dual hot-swap batteries. Search ""7212 Rugged battery"".|>Rugged/XFR units frequently have two bays; check both. Big, expensive, model-specific. <span style=""color:#e5b567"">⚠</span> $20–35 ""genuine OEM"" listings are near-universally FAKE cells in lookalike wrappers. Real aftermarket ~$50–70+, genuine new ~$100+ where still made; a used REAL OEM pull is often best value — check cycle count / wear on arrival.",,,2,"Optional micro RS-232 behind a third door on the right side — only if configured; needs a micro-serial→DB9 cable.|>Source: LaptopMag 7212 review. Memory: Dell 7212 Owner's Manual (LPDDR3-1866, 8–16 GB)."
dell,,7220 Rugged Tab.,2019,12,11.6″,Intel 8th gen U (Whiskey Lake),ddr3,LPDDR3,"soldered, no slots",16 GB,1,1,NVMe,,,,1,,,,,,,,"Rugged Extreme tablet, 11.6″. 7220EX = explosion-proof (ATEX) variant, searchable here. No eBay price data yet.",7220EX 7220 Rugged Extreme Tablet,Dell 4.5mm small barrel · 45–90W|>Dell Setup & Specs: 45W (E4) or 90W (E5) adapters into a 4.5mm barrel port. USB-C PD charging not verified.,removable (often 2 bays),"Rugged removable pack(s) — many take dual hot-swap batteries. Search ""7220 Rugged battery"".|>Rugged/XFR units frequently have two bays; check both. Big, expensive, model-specific. <span style=""color:#e5b567"">⚠</span> $20–35 ""genuine OEM"" listings are near-universally FAKE cells in lookalike wrappers. Real aftermarket ~$50–70+, genuine new ~$100+ where still made; a used REAL OEM pull is often best value — check cycle count / wear on arrival.",,,1,"Mini RS-232 on the right side — needs a mini-serial→DB9 cable.|>Source: Dell 7220 Setup & Specifications (right view: ""Mini serial RS-232 port""); Notebookcheck 7220EX."
dell,,7030 Rugged Tab.,2023,12,10″,Intel 12th gen U (Alder Lake),ddr5,LPDDR5-5200,"soldered, no slots",32 GB,1,1,NVMe,,,,1,,,,,,,,Rugged Extreme 10″ tablet. No eBay price data yet.,7030 Rugged Extreme Tablet,,bridge (int + hot-swap ext),"Internal 36Wh, or optional dual 18Wh hot-swap packs.|>Source: ruggedpcreview spec table. <span style=""color:#e5b567"">⚠</span> $20–35 ""genuine OEM"" listings are near-universally FAKE cells in lookalike wrappers. Real aftermarket ~$50–70+, genuine new ~$100+ where still made; a used REAL OEM pull is often best value — check cycle count / wear on arrival.",,,0,No serial option — the top expansion slot offers barcode / USB-A / RJ-45 only.|>Source: ruggedpcreview 7030 spec table.
dell,,Pro Rugged 13,2025,13,13.3″,Intel Core Ultra 5/7 (Series 1),ddr5,LPDDR5x-6400,"soldered, no slots",64 GB,1,1,NVMe,,,,1,,,,"2230 or 2280, removable",,,,"Fully rugged (IP-65, MIL-STD-810H). Dell Pro branding — successor to the 7330 Rugged Extreme. No eBay price data yet.",RA13250 Dell Pro Rugged 13,USB-C PD only · 65–100W,removable (often 2 bays),"53.5Wh 3-cell, hot-swap, two bays.|>Source: Dell Pro Rugged 13 spec sheet. <span style=""color:#e5b567"">⚠</span> $20–35 ""genuine OEM"" listings are near-universally FAKE cells in lookalike wrappers. Real aftermarket ~$50–70+, genuine new ~$100+ where still made; a used REAL OEM pull is often best value — check cycle count / wear on arrival.",,,1,Native RS-232; the optional I/O bay can add another.|>Source: Dell Pro Rugged 13 (RA13250) spec sheet.
dell,,Pro Rugged 14,2025,14,14″,Intel Core Ultra 5/7 (Series 1),ddr5,DDR5-5600 SODIMM,2× SODIMM,64 GB,,1,NVMe,,,,1,,,,"2230 or 2280, removable bay",,,,"Semi-rugged (IP-53, MIL-STD-810H). Dell Pro branding — successor to the 5430 Rugged. No eBay price data yet.",RB14250 Dell Pro Rugged 14,USB-C PD only · 65–100W,removable (often 2 bays),"53.5Wh 3-cell, hot-swap.|>Source: Dell Pro Rugged 14 spec sheet. <span style=""color:#e5b567"">⚠</span> $20–35 ""genuine OEM"" listings are near-universally FAKE cells in lookalike wrappers. Real aftermarket ~$50–70+, genuine new ~$100+ where still made; a used REAL OEM pull is often best value — check cycle count / wear on arrival.",,,1,Native RS-232; the optional I/O bay can add another.|>Source: Dell Pro Rugged 14 (RB14250) spec sheet.
dell,,D630 XFR,2008,14,14.1″,Core 2 Duo (Santa Rosa),ddr2,DDR2-667 SODIMM,2× SODIMM,4 GB,,0,SATA,1,,,,,,,shock-mounted drive,,,,"Fully rugged XFR (sealed, outdoor screen). No eBay price data yet.",XFR D630 XFR630,7.4mm barrel (big round tip) · 90W|>Not audited against the XFR manual; D630 platform. 💡 Buying tip: used OEM bricks are $10–20 — buy OEM.,removable (often 2 bays),"Rugged removable pack(s) — many take dual hot-swap batteries. Search ""XFR D630 battery"".|>Rugged/XFR units frequently have two bays; check both. Big, expensive, model-specific. <span style=""color:#e5b567"">⚠</span> $20–35 ""genuine OEM"" listings are near-universally FAKE cells in lookalike wrappers. Real aftermarket ~$50–70+, genuine new ~$100+ where still made; a used REAL OEM pull is often best value — check cycle count / wear on arrival.",,,1,Rear DB9.|>Source: Dell XFR D630 Quick Reference Guide back view.
dell,,E6400 XFR,2009,14,14.1″,Core 2 Duo (Penryn),ddr2,DDR2-800 SODIMM,2× SODIMM,8 GB,,0,SATA,1,,,,,,,shock-mounted HDD or SSD,,,,"Fully rugged XFR (sealed, DirectVue outdoor screen). No eBay price data yet.",XFR E6400,7.4mm barrel (big round tip) · 65–90W|>Dell Setup guide lists PA-12 65W / PA-10 90W / PA-3E 90W bricks. 💡 Buying tip: used OEM bricks are $10–20 — buy OEM.,removable (often 2 bays),"Rugged removable pack(s) — many take dual hot-swap batteries. Search ""E6400 XFR battery"".|>Rugged/XFR units frequently have two bays; check both. Big, expensive, model-specific. <span style=""color:#e5b567"">⚠</span> $20–35 ""genuine OEM"" listings are near-universally FAKE cells in lookalike wrappers. Real aftermarket ~$50–70+, genuine new ~$100+ where still made; a used REAL OEM pull is often best value — check cycle count / wear on arrival.",,,0,E6400 platform — no serial in the connector callouts.|>Source: Dell E6400 XFR Setup and Features guide.
dell,,E6420 XFR,2011,14,14″,Intel 2nd gen (Sandy Bridge),ddr3,DDR3-1333 SODIMM,2× SODIMM,8 GB,,0,SATA,1,,,,,,,,,,,"Fully rugged XFR, optional touchscreen. No eBay price data yet.",XFR E6420,7.4mm barrel (big round tip) · 90W|>Dell Setup guide: 90W adapter. 💡 Buying tip: used OEM bricks are $10–20 — buy OEM.,removable (often 2 bays),"Rugged removable pack(s) — many take dual hot-swap batteries. Search ""E6420 XFR battery"".|>Rugged/XFR units frequently have two bays; check both. Big, expensive, model-specific. <span style=""color:#e5b567"">⚠</span> $20–35 ""genuine OEM"" listings are near-universally FAKE cells in lookalike wrappers. Real aftermarket ~$50–70+, genuine new ~$100+ where still made; a used REAL OEM pull is often best value — check cycle count / wear on arrival.",,,1,"DB9 RS-232.|>Source: Dell E6420 XFR Setup guide (""one DB9 pin serial (RS232)"")."
